gameId,playId,nflId,displayName,frameId,frameType,time,jerseyNumber,club,playDirection,x,y,s,a,dis,o,dir,event,side,position,label
0,0,1000,LT,1,BEFORE_SNAP,-3.9,,OFF,right,49.3,29.866666666666667,0.0,0.0,0.0,,,,off,LT,
0,0,1000,LT,2,BEFORE_SNAP,-3.8,,OFF,right,49.3,29.866666666666667,0.0,0.0,0.0,,,,off,LT,
0,0,1000,LT,3,BEFORE_SNAP,-3.7,,OFF,right,49.3,29.866666666666667,0.0,0.0,0.0,,,,off,LT,
0,0,1000,LT,4,BEFORE_SNAP,-3.6,,OFF,right,49.3,29.866666666666667,0.0,0.0,0.0,,,,off,LT,
0,0,1000,LT,5,BEFORE_SNAP,-3.5,,OFF,right,49.3,29.866666666666667,0.0,0.0,0.0,,,,off,LT,
0,0,1000,LT,6,BEFORE_SNAP,-3.4,,OFF,right,49.3,29.866666666666667,0.0,0.0,0.0,,,,off,LT,
0,0,1000,LT,7,BEFORE_SNAP,-3.3,,OFF,right,49.3,29.866666666666667,0.0,0.0,0.0,,,,off,LT,
0,0,1000,LT,8,BEFORE_SNAP,-3.2,,OFF,right,49.3,29.866666666666667,0.0,0.0,0.0,,,,off,LT,
0,0,1000,LT,9,BEFORE_SNAP,-3.1,,OFF,right,49.3,29.866666666666667,0.0,0.0,0.0,,,,off,LT,
0,0,1000,LT,10,BEFORE_SNAP,-3.0,,OFF,right,49.3,29.866666666666667,0.0,0.0,0.0,,,,off,LT,
0,0,1000,LT,11,BEFORE_SNAP,-2.9,,OFF,right,49.3,29.866666666666667,0.0,0.0,0.0,,,,off,LT,
0,0,1000,LT,12,BEFORE_SNAP,-2.8,,OFF,right,49.3,29.866666666666667,0.0,0.0,0.0,,,,off,LT,
0,0,1000,LT,13,BEFORE_SNAP,-2.7,,OFF,right,49.3,29.866666666666667,0.0,0.0,0.0,,,,off,LT,
0,0,1000,LT,14,BEFORE_SNAP,-2.6,,OFF,right,49.3,29.866666666666667,0.0,0.0,0.0,,,,off,LT,
0,0,1000,LT,15,BEFORE_SNAP,-2.5,,OFF,right,49.3,29.866666666666667,0.0,0.0,0.0,,,,off,LT,
0,0,1000,LT,16,BEFORE_SNAP,-2.4,,OFF,right,49.3,29.866666666666667,0.0,0.0,0.0,,,,off,LT,
0,0,1000,LT,17,BEFORE_SNAP,-2.3,,OFF,right,49.3,29.866666666666667,0.0,0.0,0.0,,,,off,LT,
0,0,1000,LT,18,BEFORE_SNAP,-2.2,,OFF,right,49.3,29.866666666666667,0.0,0.0,0.0,,,,off,LT,
0,0,1000,LT,19,BEFORE_SNAP,-2.1,,OFF,right,49.3,29.866666666666667,0.0,0.0,0.0,,,,off,LT,
0,0,1000,LT,20,BEFORE_SNAP,-2.0,,OFF,right,49.3,29.866666666666667,0.0,0.0,0.0,,,,off,LT,
0,0,1000,LT,21,BEFORE_SNAP,-1.9,,OFF,right,49.3,29.866666666666667,0.0,0.0,0.0,,,,off,LT,
0,0,1000,LT,22,BEFORE_SNAP,-1.8,,OFF,right,49.3,29.866666666666667,0.0,0.0,0.0,,,,off,LT,
0,0,1000,LT,23,BEFORE_SNAP,-1.7,,OFF,right,49.3,29.866666666666667,0.0,0.0,0.0,,,,off,LT,
0,0,1000,LT,24,BEFORE_SNAP,-1.6,,OFF,right,49.3,29.866666666666667,0.0,0.0,0.0,,,,off,LT,
0,0,1000,LT,25,BEFORE_SNAP,-1.5,,OFF,right,49.3,29.866666666666667,0.0,0.0,0.0,,,,off,LT,
0,0,1000,LT,26,BEFORE_SNAP,-1.4,,OFF,right,49.3,29.866666666666667,0.0,0.0,0.0,,,,off,LT,
0,0,1000,LT,27,BEFORE_SNAP,-1.3,,OFF,right,49.3,29.866666666666667,0.0,0.0,0.0,,,,off,LT,
0,0,1000,LT,28,BEFORE_SNAP,-1.2,,OFF,right,49.3,29.866666666666667,0.0,0.0,0.0,,,,off,LT,
0,0,1000,LT,29,BEFORE_SNAP,-1.1,,OFF,right,49.3,29.866666666666667,0.0,0.0,0.0,,,,off,LT,
0,0,1000,LT,30,BEFORE_SNAP,-1.0,,OFF,right,49.3,29.866666666666667,0.0,0.0,0.0,,,,off,LT,
0,0,1000,LT,31,BEFORE_SNAP,-0.9,,OFF,right,49.3,29.866666666666667,0.0,0.0,0.0,,,,off,LT,
0,0,1000,LT,32,BEFORE_SNAP,-0.8,,OFF,right,49.3,29.866666666666667,0.0,0.0,0.0,,,,off,LT,
0,0,1000,LT,33,BEFORE_SNAP,-0.7,,OFF,right,49.3,29.866666666666667,0.0,0.0,0.0,,,,off,LT,
0,0,1000,LT,34,BEFORE_SNAP,-0.6,,OFF,right,49.3,29.866666666666667,0.0,0.0,0.0,,,,off,LT,
0,0,1000,LT,35,BEFORE_SNAP,-0.5,,OFF,right,49.3,29.866666666666667,0.0,0.0,0.0,,,,off,LT,
0,0,1000,LT,36,BEFORE_SNAP,-0.4,,OFF,right,49.3,29.866666666666667,0.0,0.0,0.0,,,,off,LT,
0,0,1000,LT,37,BEFORE_SNAP,-0.3,,OFF,right,49.3,29.866666666666667,0.0,0.0,0.0,,,,off,LT,
0,0,1000,LT,38,BEFORE_SNAP,-0.2,,OFF,right,49.3,29.866666666666667,0.0,0.0,0.0,,,,off,LT,
0,0,1000,LT,39,BEFORE_SNAP,-0.1,,OFF,right,49.3,29.866666666666667,0.0,0.0,0.0,,,,off,LT,
0,0,1000,LT,40,SNAP,0.0,,OFF,right,49.3,29.866666666666667,0.0,0.0,0.0,,,ball_snap,off,LT,
0,0,1000,LT,41,AFTER_SNAP,0.1,,OFF,right,49.3,29.866666666666667,0.0,0.0,0.0,,,,off,LT,
0,0,1000,LT,42,AFTER_SNAP,0.2,,OFF,right,49.3,29.866666666666667,0.0,0.0,0.0,,,,off,LT,
0,0,1000,LT,43,AFTER_SNAP,0.3,,OFF,right,49.3,29.866666666666667,0.0,0.0,0.0,,,,off,LT,
0,0,1000,LT,44,AFTER_SNAP,0.4,,OFF,right,49.3,29.866666666666667,0.0,0.0,0.0,,,,off,LT,
0,0,1000,LT,45,AFTER_SNAP,0.5,,OFF,right,49.3,29.866666666666667,0.0,0.0,0.0,,,,off,LT,
0,0,1000,LT,46,AFTER_SNAP,0.6,,OFF,right,49.3,29.866666666666667,0.0,0.0,0.0,,,,off,LT,
0,0,1000,LT,47,AFTER_SNAP,0.7,,OFF,right,49.3,29.866666666666667,0.0,0.0,0.0,,,,off,LT,
0,0,1000,LT,48,AFTER_SNAP,0.8,,OFF,right,49.3,29.866666666666667,0.0,0.0,0.0,,,,off,LT,
0,0,1000,LT,49,AFTER_SNAP,0.9,,OFF,right,49.3,29.866666666666667,0.0,0.0,0.0,,,,off,LT,
0,0,1000,LT,50,AFTER_SNAP,1.0,,OFF,right,49.3,29.866666666666667,0.0,0.0,0.0,,,,off,LT,
0,0,1000,LT,51,AFTER_SNAP,1.1,,OFF,right,49.3,29.866666666666667,0.0,0.0,0.0,,,,off,LT,
0,0,1000,LT,52,AFTER_SNAP,1.2,,OFF,right,49.3,29.866666666666667,0.0,0.0,0.0,,,,off,LT,
0,0,1000,LT,53,AFTER_SNAP,1.3,,OFF,right,49.3,29.866666666666667,0.0,0.0,0.0,,,,off,LT,
0,0,1000,LT,54,AFTER_SNAP,1.4,,OFF,right,49.3,29.866666666666667,0.0,0.0,0.0,,,pass_forward,off,LT,
0,0,1000,LT,55,AFTER_SNAP,1.5,,OFF,right,49.3,29.866666666666667,0.0,0.0,0.0,,,,off,LT,
0,0,1000,LT,56,AFTER_SNAP,1.6,,OFF,right,49.3,29.866666666666667,0.0,0.0,0.0,,,,off,LT,
0,0,1000,LT,57,AFTER_SNAP,1.7,,OFF,right,49.3,29.866666666666667,0.0,0.0,0.0,,,,off,LT,
0,0,1000,LT,58,AFTER_SNAP,1.8,,OFF,right,49.3,29.866666666666667,0.0,0.0,0.0,,,,off,LT,
0,0,1000,LT,59,AFTER_SNAP,1.9,,OFF,right,49.3,29.866666666666667,0.0,0.0,0.0,,,,off,LT,
0,0,1000,LT,60,AFTER_SNAP,2.0,,OFF,right,49.3,29.866666666666667,0.0,0.0,0.0,,,,off,LT,
0,0,1000,LT,61,AFTER_SNAP,2.1,,OFF,right,49.3,29.866666666666667,0.0,0.0,0.0,,,,off,LT,
0,0,1000,LT,62,AFTER_SNAP,2.2,,OFF,right,49.3,29.866666666666667,0.0,0.0,0.0,,,,off,LT,
0,0,1000,LT,63,AFTER_SNAP,2.3,,OFF,right,49.3,29.866666666666667,0.0,0.0,0.0,,,,off,LT,
0,0,1000,LT,64,AFTER_SNAP,2.4,,OFF,right,49.3,29.866666666666667,0.0,0.0,0.0,,,,off,LT,
0,0,1000,LT,65,AFTER_SNAP,2.5,,OFF,right,49.3,29.866666666666667,0.0,0.0,0.0,,,,off,LT,
0,0,1000,LT,66,AFTER_SNAP,2.6,,OFF,right,49.3,29.866666666666667,0.0,0.0,0.0,,,,off,LT,
0,0,1000,LT,67,AFTER_SNAP,2.7,,OFF,right,49.3,29.866666666666667,0.0,0.0,0.0,,,,off,LT,
0,0,1000,LT,68,AFTER_SNAP,2.8,,OFF,right,49.3,29.866666666666667,0.0,0.0,0.0,,,,off,LT,
0,0,1000,LT,69,AFTER_SNAP,2.9,,OFF,right,49.3,29.866666666666667,0.0,0.0,0.0,,,,off,LT,
0,0,1000,LT,70,AFTER_SNAP,3.0,,OFF,right,49.3,29.866666666666667,0.0,0.0,0.0,,,,off,LT,
0,0,1000,LT,71,AFTER_SNAP,3.1,,OFF,right,49.3,29.866666666666667,0.0,0.0,0.0,,,,off,LT,
0,0,1000,LT,72,AFTER_SNAP,3.2,,OFF,right,49.3,29.866666666666667,0.0,0.0,0.0,,,,off,LT,
0,0,1000,LT,73,AFTER_SNAP,3.3,,OFF,right,49.3,29.866666666666667,0.0,0.0,0.0,,,,off,LT,
0,0,1000,LT,74,AFTER_SNAP,3.4,,OFF,right,49.3,29.866666666666667,0.0,0.0,0.0,,,,off,LT,
0,0,1000,LT,75,AFTER_SNAP,3.5,,OFF,right,49.3,29.866666666666667,0.0,0.0,0.0,,,,off,LT,
0,0,1000,LT,76,AFTER_SNAP,3.6,,OFF,right,49.3,29.866666666666667,0.0,0.0,0.0,,,,off,LT,
0,0,1000,LT,77,AFTER_SNAP,3.7,,OFF,right,49.3,29.866666666666667,0.0,0.0,0.0,,,,off,LT,
0,0,1000,LT,78,AFTER_SNAP,3.8,,OFF,right,49.3,29.866666666666667,0.0,0.0,0.0,,,,off,LT,
0,0,1000,LT,79,AFTER_SNAP,3.9,,OFF,right,49.3,29.866666666666667,0.0,0.0,0.0,,,,off,LT,
0,0,1001,LG,1,BEFORE_SNAP,-3.9,,OFF,right,49.3,28.26666666666667,0.0,0.0,0.0,,,,off,LG,
0,0,1001,LG,2,BEFORE_SNAP,-3.8,,OFF,right,49.3,28.26666666666667,0.0,0.0,0.0,,,,off,LG,
0,0,1001,LG,3,BEFORE_SNAP,-3.7,,OFF,right,49.3,28.26666666666667,0.0,0.0,0.0,,,,off,LG,
0,0,1001,LG,4,BEFORE_SNAP,-3.6,,OFF,right,49.3,28.26666666666667,0.0,0.0,0.0,,,,off,LG,
0,0,1001,LG,5,BEFORE_SNAP,-3.5,,OFF,right,49.3,28.26666666666667,0.0,0.0,0.0,,,,off,LG,
0,0,1001,LG,6,BEFORE_SNAP,-3.4,,OFF,right,49.3,28.26666666666667,0.0,0.0,0.0,,,,off,LG,
0,0,1001,LG,7,BEFORE_SNAP,-3.3,,OFF,right,49.3,28.26666666666667,0.0,0.0,0.0,,,,off,LG,
0,0,1001,LG,8,BEFORE_SNAP,-3.2,,OFF,right,49.3,28.26666666666667,0.0,0.0,0.0,,,,off,LG,
0,0,1001,LG,9,BEFORE_SNAP,-3.1,,OFF,right,49.3,28.26666666666667,0.0,0.0,0.0,,,,off,LG,
0,0,1001,LG,10,BEFORE_SNAP,-3.0,,OFF,right,49.3,28.26666666666667,0.0,0.0,0.0,,,,off,LG,
0,0,1001,LG,11,BEFORE_SNAP,-2.9,,OFF,right,49.3,28.26666666666667,0.0,0.0,0.0,,,,off,LG,
0,0,1001,LG,12,BEFORE_SNAP,-2.8,,OFF,right,49.3,28.26666666666667,0.0,0.0,0.0,,,,off,LG,
0,0,1001,LG,13,BEFORE_SNAP,-2.7,,OFF,right,49.3,28.26666666666667,0.0,0.0,0.0,,,,off,LG,
0,0,1001,LG,14,BEFORE_SNAP,-2.6,,OFF,right,49.3,28.26666666666667,0.0,0.0,0.0,,,,off,LG,
0,0,1001,LG,15,BEFORE_SNAP,-2.5,,OFF,right,49.3,28.26666666666667,0.0,0.0,0.0,,,,off,LG,
0,0,1001,LG,16,BEFORE_SNAP,-2.4,,OFF,right,49.3,28.26666666666667,0.0,0.0,0.0,,,,off,LG,
0,0,1001,LG,17,BEFORE_SNAP,-2.3,,OFF,right,49.3,28.26666666666667,0.0,0.0,0.0,,,,off,LG,
0,0,1001,LG,18,BEFORE_SNAP,-2.2,,OFF,right,49.3,28.26666666666667,0.0,0.0,0.0,,,,off,LG,
0,0,1001,LG,19,BEFORE_SNAP,-2.1,,OFF,right,49.3,28.26666666666667,0.0,0.0,0.0,,,,off,LG,
0,0,1001,LG,20,BEFORE_SNAP,-2.0,,OFF,right,49.3,28.26666666666667,0.0,0.0,0.0,,,,off,LG,
0,0,1001,LG,21,BEFORE_SNAP,-1.9,,OFF,right,49.3,28.26666666666667,0.0,0.0,0.0,,,,off,LG,
0,0,1001,LG,22,BEFORE_SNAP,-1.8,,OFF,right,49.3,28.26666666666667,0.0,0.0,0.0,,,,off,LG,
0,0,1001,LG,23,BEFORE_SNAP,-1.7,,OFF,right,49.3,28.26666666666667,0.0,0.0,0.0,,,,off,LG,
0,0,1001,LG,24,BEFORE_SNAP,-1.6,,OFF,right,49.3,28.26666666666667,0.0,0.0,0.0,,,,off,LG,
0,0,1001,LG,25,BEFORE_SNAP,-1.5,,OFF,right,49.3,28.26666666666667,0.0,0.0,0.0,,,,off,LG,
0,0,1001,LG,26,BEFORE_SNAP,-1.4,,OFF,right,49.3,28.26666666666667,0.0,0.0,0.0,,,,off,LG,
0,0,1001,LG,27,BEFORE_SNAP,-1.3,,OFF,right,49.3,28.26666666666667,0.0,0.0,0.0,,,,off,LG,
0,0,1001,LG,28,BEFORE_SNAP,-1.2,,OFF,right,49.3,28.26666666666667,0.0,0.0,0.0,,,,off,LG,
0,0,1001,LG,29,BEFORE_SNAP,-1.1,,OFF,right,49.3,28.26666666666667,0.0,0.0,0.0,,,,off,LG,
0,0,1001,LG,30,BEFORE_SNAP,-1.0,,OFF,right,49.3,28.26666666666667,0.0,0.0,0.0,,,,off,LG,
0,0,1001,LG,31,BEFORE_SNAP,-0.9,,OFF,right,49.3,28.26666666666667,0.0,0.0,0.0,,,,off,LG,
0,0,1001,LG,32,BEFORE_SNAP,-0.8,,OFF,right,49.3,28.26666666666667,0.0,0.0,0.0,,,,off,LG,
0,0,1001,LG,33,BEFORE_SNAP,-0.7,,OFF,right,49.3,28.26666666666667,0.0,0.0,0.0,,,,off,LG,
0,0,1001,LG,34,BEFORE_SNAP,-0.6,,OFF,right,49.3,28.26666666666667,0.0,0.0,0.0,,,,off,LG,
0,0,1001,LG,35,BEFORE_SNAP,-0.5,,OFF,right,49.3,28.26666666666667,0.0,0.0,0.0,,,,off,LG,
0,0,1001,LG,36,BEFORE_SNAP,-0.4,,OFF,right,49.3,28.26666666666667,0.0,0.0,0.0,,,,off,LG,
0,0,1001,LG,37,BEFORE_SNAP,-0.3,,OFF,right,49.3,28.26666666666667,0.0,0.0,0.0,,,,off,LG,
0,0,1001,LG,38,BEFORE_SNAP,-0.2,,OFF,right,49.3,28.26666666666667,0.0,0.0,0.0,,,,off,LG,
0,0,1001,LG,39,BEFORE_SNAP,-0.1,,OFF,right,49.3,28.26666666666667,0.0,0.0,0.0,,,,off,LG,
0,0,1001,LG,40,SNAP,0.0,,OFF,right,49.3,28.26666666666667,0.0,0.0,0.0,,,ball_snap,off,LG,
0,0,1001,LG,41,AFTER_SNAP,0.1,,OFF,right,49.3,28.26666666666667,0.0,0.0,0.0,,,,off,LG,
0,0,1001,LG,42,AFTER_SNAP,0.2,,OFF,right,49.3,28.26666666666667,0.0,0.0,0.0,,,,off,LG,
0,0,1001,LG,43,AFTER_SNAP,0.3,,OFF,right,49.3,28.26666666666667,0.0,0.0,0.0,,,,off,LG,
0,0,1001,LG,44,AFTER_SNAP,0.4,,OFF,right,49.3,28.26666666666667,0.0,0.0,0.0,,,,off,LG,
0,0,1001,LG,45,AFTER_SNAP,0.5,,OFF,right,49.3,28.26666666666667,0.0,0.0,0.0,,,,off,LG,
0,0,1001,LG,46,AFTER_SNAP,0.6,,OFF,right,49.3,28.26666666666667,0.0,0.0,0.0,,,,off,LG,
0,0,1001,LG,47,AFTER_SNAP,0.7,,OFF,right,49.3,28.26666666666667,0.0,0.0,0.0,,,,off,LG,
0,0,1001,LG,48,AFTER_SNAP,0.8,,OFF,right,49.3,28.26666666666667,0.0,0.0,0.0,,,,off,LG,
0,0,1001,LG,49,AFTER_SNAP,0.9,,OFF,right,49.3,28.26666666666667,0.0,0.0,0.0,,,,off,LG,
0,0,1001,LG,50,AFTER_SNAP,1.0,,OFF,right,49.3,28.26666666666667,0.0,0.0,0.0,,,,off,LG,
0,0,1001,LG,51,AFTER_SNAP,1.1,,OFF,right,49.3,28.26666666666667,0.0,0.0,0.0,,,,off,LG,
0,0,1001,LG,52,AFTER_SNAP,1.2,,OFF,right,49.3,28.26666666666667,0.0,0.0,0.0,,,,off,LG,
0,0,1001,LG,53,AFTER_SNAP,1.3,,OFF,right,49.3,28.26666666666667,0.0,0.0,0.0,,,,off,LG,
0,0,1001,LG,54,AFTER_SNAP,1.4,,OFF,right,49.3,28.26666666666667,0.0,0.0,0.0,,,pass_forward,off,LG,
0,0,1001,LG,55,AFTER_SNAP,1.5,,OFF,right,49.3,28.26666666666667,0.0,0.0,0.0,,,,off,LG,
0,0,1001,LG,56,AFTER_SNAP,1.6,,OFF,right,49.3,28.26666666666667,0.0,0.0,0.0,,,,off,LG,
0,0,1001,LG,57,AFTER_SNAP,1.7,,OFF,right,49.3,28.26666666666667,0.0,0.0,0.0,,,,off,LG,
0,0,1001,LG,58,AFTER_SNAP,1.8,,OFF,right,49.3,28.26666666666667,0.0,0.0,0.0,,,,off,LG,
0,0,1001,LG,59,AFTER_SNAP,1.9,,OFF,right,49.3,28.26666666666667,0.0,0.0,0.0,,,,off,LG,
0,0,1001,LG,60,AFTER_SNAP,2.0,,OFF,right,49.3,28.26666666666667,0.0,0.0,0.0,,,,off,LG,
0,0,1001,LG,61,AFTER_SNAP,2.1,,OFF,right,49.3,28.26666666666667,0.0,0.0,0.0,,,,off,LG,
0,0,1001,LG,62,AFTER_SNAP,2.2,,OFF,right,49.3,28.26666666666667,0.0,0.0,0.0,,,,off,LG,
0,0,1001,LG,63,AFTER_SNAP,2.3,,OFF,right,49.3,28.26666666666667,0.0,0.0,0.0,,,,off,LG,
0,0,1001,LG,64,AFTER_SNAP,2.4,,OFF,right,49.3,28.26666666666667,0.0,0.0,0.0,,,,off,LG,
0,0,1001,LG,65,AFTER_SNAP,2.5,,OFF,right,49.3,28.26666666666667,0.0,0.0,0.0,,,,off,LG,
0,0,1001,LG,66,AFTER_SNAP,2.6,,OFF,right,49.3,28.26666666666667,0.0,0.0,0.0,,,,off,LG,
0,0,1001,LG,67,AFTER_SNAP,2.7,,OFF,right,49.3,28.26666666666667,0.0,0.0,0.0,,,,off,LG,
0,0,1001,LG,68,AFTER_SNAP,2.8,,OFF,right,49.3,28.26666666666667,0.0,0.0,0.0,,,,off,LG,
0,0,1001,LG,69,AFTER_SNAP,2.9,,OFF,right,49.3,28.26666666666667,0.0,0.0,0.0,,,,off,LG,
0,0,1001,LG,70,AFTER_SNAP,3.0,,OFF,right,49.3,28.26666666666667,0.0,0.0,0.0,,,,off,LG,
0,0,1001,LG,71,AFTER_SNAP,3.1,,OFF,right,49.3,28.26666666666667,0.0,0.0,0.0,,,,off,LG,
0,0,1001,LG,72,AFTER_SNAP,3.2,,OFF,right,49.3,28.26666666666667,0.0,0.0,0.0,,,,off,LG,
0,0,1001,LG,73,AFTER_SNAP,3.3,,OFF,right,49.3,28.26666666666667,0.0,0.0,0.0,,,,off,LG,
0,0,1001,LG,74,AFTER_SNAP,3.4,,OFF,right,49.3,28.26666666666667,0.0,0.0,0.0,,,,off,LG,
0,0,1001,LG,75,AFTER_SNAP,3.5,,OFF,right,49.3,28.26666666666667,0.0,0.0,0.0,,,,off,LG,
0,0,1001,LG,76,AFTER_SNAP,3.6,,OFF,right,49.3,28.26666666666667,0.0,0.0,0.0,,,,off,LG,
0,0,1001,LG,77,AFTER_SNAP,3.7,,OFF,right,49.3,28.26666666666667,0.0,0.0,0.0,,,,off,LG,
0,0,1001,LG,78,AFTER_SNAP,3.8,,OFF,right,49.3,28.26666666666667,0.0,0.0,0.0,,,,off,LG,
0,0,1001,LG,79,AFTER_SNAP,3.9,,OFF,right,49.3,28.26666666666667,0.0,0.0,0.0,,,,off,LG,
0,0,1002,C,1,BEFORE_SNAP,-3.9,,OFF,right,49.3,26.666666666666668,0.0,0.0,0.0,,,,off,C,C
0,0,1002,C,2,BEFORE_SNAP,-3.8,,OFF,right,49.3,26.666666666666668,0.0,0.0,0.0,,,,off,C,C
0,0,1002,C,3,BEFORE_SNAP,-3.7,,OFF,right,49.3,26.666666666666668,0.0,0.0,0.0,,,,off,C,C
0,0,1002,C,4,BEFORE_SNAP,-3.6,,OFF,right,49.3,26.666666666666668,0.0,0.0,0.0,,,,off,C,C
0,0,1002,C,5,BEFORE_SNAP,-3.5,,OFF,right,49.3,26.666666666666668,0.0,0.0,0.0,,,,off,C,C
0,0,1002,C,6,BEFORE_SNAP,-3.4,,OFF,right,49.3,26.666666666666668,0.0,0.0,0.0,,,,off,C,C
0,0,1002,C,7,BEFORE_SNAP,-3.3,,OFF,right,49.3,26.666666666666668,0.0,0.0,0.0,,,,off,C,C
0,0,1002,C,8,BEFORE_SNAP,-3.2,,OFF,right,49.3,26.666666666666668,0.0,0.0,0.0,,,,off,C,C
0,0,1002,C,9,BEFORE_SNAP,-3.1,,OFF,right,49.3,26.666666666666668,0.0,0.0,0.0,,,,off,C,C
0,0,1002,C,10,BEFORE_SNAP,-3.0,,OFF,right,49.3,26.666666666666668,0.0,0.0,0.0,,,,off,C,C
0,0,1002,C,11,BEFORE_SNAP,-2.9,,OFF,right,49.3,26.666666666666668,0.0,0.0,0.0,,,,off,C,C
0,0,1002,C,12,BEFORE_SNAP,-2.8,,OFF,right,49.3,26.666666666666668,0.0,0.0,0.0,,,,off,C,C
0,0,1002,C,13,BEFORE_SNAP,-2.7,,OFF,right,49.3,26.666666666666668,0.0,0.0,0.0,,,,off,C,C
0,0,1002,C,14,BEFORE_SNAP,-2.6,,OFF,right,49.3,26.666666666666668,0.0,0.0,0.0,,,,off,C,C
0,0,1002,C,15,BEFORE_SNAP,-2.5,,OFF,right,49.3,26.666666666666668,0.0,0.0,0.0,,,,off,C,C
0,0,1002,C,16,BEFORE_SNAP,-2.4,,OFF,right,49.3,26.666666666666668,0.0,0.0,0.0,,,,off,C,C
0,0,1002,C,17,BEFORE_SNAP,-2.3,,OFF,right,49.3,26.666666666666668,0.0,0.0,0.0,,,,off,C,C
0,0,1002,C,18,BEFORE_SNAP,-2.2,,OFF,right,49.3,26.666666666666668,0.0,0.0,0.0,,,,off,C,C
0,0,1002,C,19,BEFORE_SNAP,-2.1,,OFF,right,49.3,26.666666666666668,0.0,0.0,0.0,,,,off,C,C
0,0,1002,C,20,BEFORE_SNAP,-2.0,,OFF,right,49.3,26.666666666666668,0.0,0.0,0.0,,,,off,C,C
0,0,1002,C,21,BEFORE_SNAP,-1.9,,OFF,right,49.3,26.666666666666668,0.0,0.0,0.0,,,,off,C,C
0,0,1002,C,22,BEFORE_SNAP,-1.8,,OFF,right,49.3,26.666666666666668,0.0,0.0,0.0,,,,off,C,C
0,0,1002,C,23,BEFORE_SNAP,-1.7,,OFF,right,49.3,26.666666666666668,0.0,0.0,0.0,,,,off,C,C
0,0,1002,C,24,BEFORE_SNAP,-1.6,,OFF,right,49.3,26.666666666666668,0.0,0.0,0.0,,,,off,C,C
0,0,1002,C,25,BEFORE_SNAP,-1.5,,OFF,right,49.3,26.666666666666668,0.0,0.0,0.0,,,,off,C,C
0,0,1002,C,26,BEFORE_SNAP,-1.4,,OFF,right,49.3,26.666666666666668,0.0,0.0,0.0,,,,off,C,C
0,0,1002,C,27,BEFORE_SNAP,-1.3,,OFF,right,49.3,26.666666666666668,0.0,0.0,0.0,,,,off,C,C
0,0,1002,C,28,BEFORE_SNAP,-1.2,,OFF,right,49.3,26.666666666666668,0.0,0.0,0.0,,,,off,C,C
0,0,1002,C,29,BEFORE_SNAP,-1.1,,OFF,right,49.3,26.666666666666668,0.0,0.0,0.0,,,,off,C,C
0,0,1002,C,30,BEFORE_SNAP,-1.0,,OFF,right,49.3,26.666666666666668,0.0,0.0,0.0,,,,off,C,C
0,0,1002,C,31,BEFORE_SNAP,-0.9,,OFF,right,49.3,26.666666666666668,0.0,0.0,0.0,,,,off,C,C
0,0,1002,C,32,BEFORE_SNAP,-0.8,,OFF,right,49.3,26.666666666666668,0.0,0.0,0.0,,,,off,C,C
0,0,1002,C,33,BEFORE_SNAP,-0.7,,OFF,right,49.3,26.666666666666668,0.0,0.0,0.0,,,,off,C,C
0,0,1002,C,34,BEFORE_SNAP,-0.6,,OFF,right,49.3,26.666666666666668,0.0,0.0,0.0,,,,off,C,C
0,0,1002,C,35,BEFORE_SNAP,-0.5,,OFF,right,49.3,26.666666666666668,0.0,0.0,0.0,,,,off,C,C
0,0,1002,C,36,BEFORE_SNAP,-0.4,,OFF,right,49.3,26.666666666666668,0.0,0.0,0.0,,,,off,C,C
0,0,1002,C,37,BEFORE_SNAP,-0.3,,OFF,right,49.3,26.666666666666668,0.0,0.0,0.0,,,,off,C,C
0,0,1002,C,38,BEFORE_SNAP,-0.2,,OFF,right,49.3,26.666666666666668,0.0,0.0,0.0,,,,off,C,C
0,0,1002,C,39,BEFORE_SNAP,-0.1,,OFF,right,49.3,26.666666666666668,0.0,0.0,0.0,,,,off,C,C
0,0,1002,C,40,SNAP,0.0,,OFF,right,49.3,26.666666666666668,0.0,0.0,0.0,,,ball_snap,off,C,C
0,0,1002,C,41,AFTER_SNAP,0.1,,OFF,right,49.3,26.666666666666668,0.0,0.0,0.0,,,,off,C,C
0,0,1002,C,42,AFTER_SNAP,0.2,,OFF,right,49.3,26.666666666666668,0.0,0.0,0.0,,,,off,C,C
0,0,1002,C,43,AFTER_SNAP,0.3,,OFF,right,49.3,26.666666666666668,0.0,0.0,0.0,,,,off,C,C
0,0,1002,C,44,AFTER_SNAP,0.4,,OFF,right,49.3,26.666666666666668,0.0,0.0,0.0,,,,off,C,C
0,0,1002,C,45,AFTER_SNAP,0.5,,OFF,right,49.3,26.666666666666668,0.0,0.0,0.0,,,,off,C,C
0,0,1002,C,46,AFTER_SNAP,0.6,,OFF,right,49.3,26.666666666666668,0.0,0.0,0.0,,,,off,C,C
0,0,1002,C,47,AFTER_SNAP,0.7,,OFF,right,49.3,26.666666666666668,0.0,0.0,0.0,,,,off,C,C
0,0,1002,C,48,AFTER_SNAP,0.8,,OFF,right,49.3,26.666666666666668,0.0,0.0,0.0,,,,off,C,C
0,0,1002,C,49,AFTER_SNAP,0.9,,OFF,right,49.3,26.666666666666668,0.0,0.0,0.0,,,,off,C,C
0,0,1002,C,50,AFTER_SNAP,1.0,,OFF,right,49.3,26.666666666666668,0.0,0.0,0.0,,,,off,C,C
0,0,1002,C,51,AFTER_SNAP,1.1,,OFF,right,49.3,26.666666666666668,0.0,0.0,0.0,,,,off,C,C
0,0,1002,C,52,AFTER_SNAP,1.2,,OFF,right,49.3,26.666666666666668,0.0,0.0,0.0,,,,off,C,C
0,0,1002,C,53,AFTER_SNAP,1.3,,OFF,right,49.3,26.666666666666668,0.0,0.0,0.0,,,,off,C,C
0,0,1002,C,54,AFTER_SNAP,1.4,,OFF,right,49.3,26.666666666666668,0.0,0.0,0.0,,,pass_forward,off,C,C
0,0,1002,C,55,AFTER_SNAP,1.5,,OFF,right,49.3,26.666666666666668,0.0,0.0,0.0,,,,off,C,C
0,0,1002,C,56,AFTER_SNAP,1.6,,OFF,right,49.3,26.666666666666668,0.0,0.0,0.0,,,,off,C,C
0,0,1002,C,57,AFTER_SNAP,1.7,,OFF,right,49.3,26.666666666666668,0.0,0.0,0.0,,,,off,C,C
0,0,1002,C,58,AFTER_SNAP,1.8,,OFF,right,49.3,26.666666666666668,0.0,0.0,0.0,,,,off,C,C
0,0,1002,C,59,AFTER_SNAP,1.9,,OFF,right,49.3,26.666666666666668,0.0,0.0,0.0,,,,off,C,C
0,0,1002,C,60,AFTER_SNAP,2.0,,OFF,right,49.3,26.666666666666668,0.0,0.0,0.0,,,,off,C,C
0,0,1002,C,61,AFTER_SNAP,2.1,,OFF,right,49.3,26.666666666666668,0.0,0.0,0.0,,,,off,C,C
0,0,1002,C,62,AFTER_SNAP,2.2,,OFF,right,49.3,26.666666666666668,0.0,0.0,0.0,,,,off,C,C
0,0,1002,C,63,AFTER_SNAP,2.3,,OFF,right,49.3,26.666666666666668,0.0,0.0,0.0,,,,off,C,C
0,0,1002,C,64,AFTER_SNAP,2.4,,OFF,right,49.3,26.666666666666668,0.0,0.0,0.0,,,,off,C,C
0,0,1002,C,65,AFTER_SNAP,2.5,,OFF,right,49.3,26.666666666666668,0.0,0.0,0.0,,,,off,C,C
0,0,1002,C,66,AFTER_SNAP,2.6,,OFF,right,49.3,26.666666666666668,0.0,0.0,0.0,,,,off,C,C
0,0,1002,C,67,AFTER_SNAP,2.7,,OFF,right,49.3,26.666666666666668,0.0,0.0,0.0,,,,off,C,C
0,0,1002,C,68,AFTER_SNAP,2.8,,OFF,right,49.3,26.666666666666668,0.0,0.0,0.0,,,,off,C,C
0,0,1002,C,69,AFTER_SNAP,2.9,,OFF,right,49.3,26.666666666666668,0.0,0.0,0.0,,,,off,C,C
0,0,1002,C,70,AFTER_SNAP,3.0,,OFF,right,49.3,26.666666666666668,0.0,0.0,0.0,,,,off,C,C
0,0,1002,C,71,AFTER_SNAP,3.1,,OFF,right,49.3,26.666666666666668,0.0,0.0,0.0,,,,off,C,C
0,0,1002,C,72,AFTER_SNAP,3.2,,OFF,right,49.3,26.666666666666668,0.0,0.0,0.0,,,,off,C,C
0,0,1002,C,73,AFTER_SNAP,3.3,,OFF,right,49.3,26.666666666666668,0.0,0.0,0.0,,,,off,C,C
0,0,1002,C,74,AFTER_SNAP,3.4,,OFF,right,49.3,26.666666666666668,0.0,0.0,0.0,,,,off,C,C
0,0,1002,C,75,AFTER_SNAP,3.5,,OFF,right,49.3,26.666666666666668,0.0,0.0,0.0,,,,off,C,C
0,0,1002,C,76,AFTER_SNAP,3.6,,OFF,right,49.3,26.666666666666668,0.0,0.0,0.0,,,,off,C,C
0,0,1002,C,77,AFTER_SNAP,3.7,,OFF,right,49.3,26.666666666666668,0.0,0.0,0.0,,,,off,C,C
0,0,1002,C,78,AFTER_SNAP,3.8,,OFF,right,49.3,26.666666666666668,0.0,0.0,0.0,,,,off,C,C
0,0,1002,C,79,AFTER_SNAP,3.9,,OFF,right,49.3,26.666666666666668,0.0,0.0,0.0,,,,off,C,C
0,0,1003,RG,1,BEFORE_SNAP,-3.9,,OFF,right,49.3,25.066666666666666,0.0,0.0,0.0,,,,off,RG,
0,0,1003,RG,2,BEFORE_SNAP,-3.8,,OFF,right,49.3,25.066666666666666,0.0,0.0,0.0,,,,off,RG,
0,0,1003,RG,3,BEFORE_SNAP,-3.7,,OFF,right,49.3,25.066666666666666,0.0,0.0,0.0,,,,off,RG,
0,0,1003,RG,4,BEFORE_SNAP,-3.6,,OFF,right,49.3,25.066666666666666,0.0,0.0,0.0,,,,off,RG,
0,0,1003,RG,5,BEFORE_SNAP,-3.5,,OFF,right,49.3,25.066666666666666,0.0,0.0,0.0,,,,off,RG,
0,0,1003,RG,6,BEFORE_SNAP,-3.4,,OFF,right,49.3,25.066666666666666,0.0,0.0,0.0,,,,off,RG,
0,0,1003,RG,7,BEFORE_SNAP,-3.3,,OFF,right,49.3,25.066666666666666,0.0,0.0,0.0,,,,off,RG,
0,0,1003,RG,8,BEFORE_SNAP,-3.2,,OFF,right,49.3,25.066666666666666,0.0,0.0,0.0,,,,off,RG,
0,0,1003,RG,9,BEFORE_SNAP,-3.1,,OFF,right,49.3,25.066666666666666,0.0,0.0,0.0,,,,off,RG,
0,0,1003,RG,10,BEFORE_SNAP,-3.0,,OFF,right,49.3,25.066666666666666,0.0,0.0,0.0,,,,off,RG,
0,0,1003,RG,11,BEFORE_SNAP,-2.9,,OFF,right,49.3,25.066666666666666,0.0,0.0,0.0,,,,off,RG,
0,0,1003,RG,12,BEFORE_SNAP,-2.8,,OFF,right,49.3,25.066666666666666,0.0,0.0,0.0,,,,off,RG,
0,0,1003,RG,13,BEFORE_SNAP,-2.7,,OFF,right,49.3,25.066666666666666,0.0,0.0,0.0,,,,off,RG,
0,0,1003,RG,14,BEFORE_SNAP,-2.6,,OFF,right,49.3,25.066666666666666,0.0,0.0,0.0,,,,off,RG,
0,0,1003,RG,15,BEFORE_SNAP,-2.5,,OFF,right,49.3,25.066666666666666,0.0,0.0,0.0,,,,off,RG,
0,0,1003,RG,16,BEFORE_SNAP,-2.4,,OFF,right,49.3,25.066666666666666,0.0,0.0,0.0,,,,off,RG,
0,0,1003,RG,17,BEFORE_SNAP,-2.3,,OFF,right,49.3,25.066666666666666,0.0,0.0,0.0,,,,off,RG,
0,0,1003,RG,18,BEFORE_SNAP,-2.2,,OFF,right,49.3,25.066666666666666,0.0,0.0,0.0,,,,off,RG,
0,0,1003,RG,19,BEFORE_SNAP,-2.1,,OFF,right,49.3,25.066666666666666,0.0,0.0,0.0,,,,off,RG,
0,0,1003,RG,20,BEFORE_SNAP,-2.0,,OFF,right,49.3,25.066666666666666,0.0,0.0,0.0,,,,off,RG,
0,0,1003,RG,21,BEFORE_SNAP,-1.9,,OFF,right,49.3,25.066666666666666,0.0,0.0,0.0,,,,off,RG,
0,0,1003,RG,22,BEFORE_SNAP,-1.8,,OFF,right,49.3,25.066666666666666,0.0,0.0,0.0,,,,off,RG,
0,0,1003,RG,23,BEFORE_SNAP,-1.7,,OFF,right,49.3,25.066666666666666,0.0,0.0,0.0,,,,off,RG,
0,0,1003,RG,24,BEFORE_SNAP,-1.6,,OFF,right,49.3,25.066666666666666,0.0,0.0,0.0,,,,off,RG,
0,0,1003,RG,25,BEFORE_SNAP,-1.5,,OFF,right,49.3,25.066666666666666,0.0,0.0,0.0,,,,off,RG,
0,0,1003,RG,26,BEFORE_SNAP,-1.4,,OFF,right,49.3,25.066666666666666,0.0,0.0,0.0,,,,off,RG,
0,0,1003,RG,27,BEFORE_SNAP,-1.3,,OFF,right,49.3,25.066666666666666,0.0,0.0,0.0,,,,off,RG,
0,0,1003,RG,28,BEFORE_SNAP,-1.2,,OFF,right,49.3,25.066666666666666,0.0,0.0,0.0,,,,off,RG,
0,0,1003,RG,29,BEFORE_SNAP,-1.1,,OFF,right,49.3,25.066666666666666,0.0,0.0,0.0,,,,off,RG,
0,0,1003,RG,30,BEFORE_SNAP,-1.0,,OFF,right,49.3,25.066666666666666,0.0,0.0,0.0,,,,off,RG,
0,0,1003,RG,31,BEFORE_SNAP,-0.9,,OFF,right,49.3,25.066666666666666,0.0,0.0,0.0,,,,off,RG,
0,0,1003,RG,32,BEFORE_SNAP,-0.8,,OFF,right,49.3,25.066666666666666,0.0,0.0,0.0,,,,off,RG,
0,0,1003,RG,33,BEFORE_SNAP,-0.7,,OFF,right,49.3,25.066666666666666,0.0,0.0,0.0,,,,off,RG,
0,0,1003,RG,34,BEFORE_SNAP,-0.6,,OFF,right,49.3,25.066666666666666,0.0,0.0,0.0,,,,off,RG,
0,0,1003,RG,35,BEFORE_SNAP,-0.5,,OFF,right,49.3,25.066666666666666,0.0,0.0,0.0,,,,off,RG,
0,0,1003,RG,36,BEFORE_SNAP,-0.4,,OFF,right,49.3,25.066666666666666,0.0,0.0,0.0,,,,off,RG,
0,0,1003,RG,37,BEFORE_SNAP,-0.3,,OFF,right,49.3,25.066666666666666,0.0,0.0,0.0,,,,off,RG,
0,0,1003,RG,38,BEFORE_SNAP,-0.2,,OFF,right,49.3,25.066666666666666,0.0,0.0,0.0,,,,off,RG,
0,0,1003,RG,39,BEFORE_SNAP,-0.1,,OFF,right,49.3,25.066666666666666,0.0,0.0,0.0,,,,off,RG,
0,0,1003,RG,40,SNAP,0.0,,OFF,right,49.3,25.066666666666666,0.0,0.0,0.0,,,ball_snap,off,RG,
0,0,1003,RG,41,AFTER_SNAP,0.1,,OFF,right,49.3,25.066666666666666,0.0,0.0,0.0,,,,off,RG,
0,0,1003,RG,42,AFTER_SNAP,0.2,,OFF,right,49.3,25.066666666666666,0.0,0.0,0.0,,,,off,RG,
0,0,1003,RG,43,AFTER_SNAP,0.3,,OFF,right,49.3,25.066666666666666,0.0,0.0,0.0,,,,off,RG,
0,0,1003,RG,44,AFTER_SNAP,0.4,,OFF,right,49.3,25.066666666666666,0.0,0.0,0.0,,,,off,RG,
0,0,1003,RG,45,AFTER_SNAP,0.5,,OFF,right,49.3,25.066666666666666,0.0,0.0,0.0,,,,off,RG,
0,0,1003,RG,46,AFTER_SNAP,0.6,,OFF,right,49.3,25.066666666666666,0.0,0.0,0.0,,,,off,RG,
0,0,1003,RG,47,AFTER_SNAP,0.7,,OFF,right,49.3,25.066666666666666,0.0,0.0,0.0,,,,off,RG,
0,0,1003,RG,48,AFTER_SNAP,0.8,,OFF,right,49.3,25.066666666666666,0.0,0.0,0.0,,,,off,RG,
0,0,1003,RG,49,AFTER_SNAP,0.9,,OFF,right,49.3,25.066666666666666,0.0,0.0,0.0,,,,off,RG,
0,0,1003,RG,50,AFTER_SNAP,1.0,,OFF,right,49.3,25.066666666666666,0.0,0.0,0.0,,,,off,RG,
0,0,1003,RG,51,AFTER_SNAP,1.1,,OFF,right,49.3,25.066666666666666,0.0,0.0,0.0,,,,off,RG,
0,0,1003,RG,52,AFTER_SNAP,1.2,,OFF,right,49.3,25.066666666666666,0.0,0.0,0.0,,,,off,RG,
0,0,1003,RG,53,AFTER_SNAP,1.3,,OFF,right,49.3,25.066666666666666,0.0,0.0,0.0,,,,off,RG,
0,0,1003,RG,54,AFTER_SNAP,1.4,,OFF,right,49.3,25.066666666666666,0.0,0.0,0.0,,,pass_forward,off,RG,
0,0,1003,RG,55,AFTER_SNAP,1.5,,OFF,right,49.3,25.066666666666666,0.0,0.0,0.0,,,,off,RG,
0,0,1003,RG,56,AFTER_SNAP,1.6,,OFF,right,49.3,25.066666666666666,0.0,0.0,0.0,,,,off,RG,
0,0,1003,RG,57,AFTER_SNAP,1.7,,OFF,right,49.3,25.066666666666666,0.0,0.0,0.0,,,,off,RG,
0,0,1003,RG,58,AFTER_SNAP,1.8,,OFF,right,49.3,25.066666666666666,0.0,0.0,0.0,,,,off,RG,
0,0,1003,RG,59,AFTER_SNAP,1.9,,OFF,right,49.3,25.066666666666666,0.0,0.0,0.0,,,,off,RG,
0,0,1003,RG,60,AFTER_SNAP,2.0,,OFF,right,49.3,25.066666666666666,0.0,0.0,0.0,,,,off,RG,
0,0,1003,RG,61,AFTER_SNAP,2.1,,OFF,right,49.3,25.066666666666666,0.0,0.0,0.0,,,,off,RG,
0,0,1003,RG,62,AFTER_SNAP,2.2,,OFF,right,49.3,25.066666666666666,0.0,0.0,0.0,,,,off,RG,
0,0,1003,RG,63,AFTER_SNAP,2.3,,OFF,right,49.3,25.066666666666666,0.0,0.0,0.0,,,,off,RG,
0,0,1003,RG,64,AFTER_SNAP,2.4,,OFF,right,49.3,25.066666666666666,0.0,0.0,0.0,,,,off,RG,
0,0,1003,RG,65,AFTER_SNAP,2.5,,OFF,right,49.3,25.066666666666666,0.0,0.0,0.0,,,,off,RG,
0,0,1003,RG,66,AFTER_SNAP,2.6,,OFF,right,49.3,25.066666666666666,0.0,0.0,0.0,,,,off,RG,
0,0,1003,RG,67,AFTER_SNAP,2.7,,OFF,right,49.3,25.066666666666666,0.0,0.0,0.0,,,,off,RG,
0,0,1003,RG,68,AFTER_SNAP,2.8,,OFF,right,49.3,25.066666666666666,0.0,0.0,0.0,,,,off,RG,
0,0,1003,RG,69,AFTER_SNAP,2.9,,OFF,right,49.3,25.066666666666666,0.0,0.0,0.0,,,,off,RG,
0,0,1003,RG,70,AFTER_SNAP,3.0,,OFF,right,49.3,25.066666666666666,0.0,0.0,0.0,,,,off,RG,
0,0,1003,RG,71,AFTER_SNAP,3.1,,OFF,right,49.3,25.066666666666666,0.0,0.0,0.0,,,,off,RG,
0,0,1003,RG,72,AFTER_SNAP,3.2,,OFF,right,49.3,25.066666666666666,0.0,0.0,0.0,,,,off,RG,
0,0,1003,RG,73,AFTER_SNAP,3.3,,OFF,right,49.3,25.066666666666666,0.0,0.0,0.0,,,,off,RG,
0,0,1003,RG,74,AFTER_SNAP,3.4,,OFF,right,49.3,25.066666666666666,0.0,0.0,0.0,,,,off,RG,
0,0,1003,RG,75,AFTER_SNAP,3.5,,OFF,right,49.3,25.066666666666666,0.0,0.0,0.0,,,,off,RG,
0,0,1003,RG,76,AFTER_SNAP,3.6,,OFF,right,49.3,25.066666666666666,0.0,0.0,0.0,,,,off,RG,
0,0,1003,RG,77,AFTER_SNAP,3.7,,OFF,right,49.3,25.066666666666666,0.0,0.0,0.0,,,,off,RG,
0,0,1003,RG,78,AFTER_SNAP,3.8,,OFF,right,49.3,25.066666666666666,0.0,0.0,0.0,,,,off,RG,
0,0,1003,RG,79,AFTER_SNAP,3.9,,OFF,right,49.3,25.066666666666666,0.0,0.0,0.0,,,,off,RG,
0,0,1004,RT,1,BEFORE_SNAP,-3.9,,OFF,right,49.3,23.46666666666667,0.0,0.0,0.0,,,,off,RT,
0,0,1004,RT,2,BEFORE_SNAP,-3.8,,OFF,right,49.3,23.46666666666667,0.0,0.0,0.0,,,,off,RT,
0,0,1004,RT,3,BEFORE_SNAP,-3.7,,OFF,right,49.3,23.46666666666667,0.0,0.0,0.0,,,,off,RT,
0,0,1004,RT,4,BEFORE_SNAP,-3.6,,OFF,right,49.3,23.46666666666667,0.0,0.0,0.0,,,,off,RT,
0,0,1004,RT,5,BEFORE_SNAP,-3.5,,OFF,right,49.3,23.46666666666667,0.0,0.0,0.0,,,,off,RT,
0,0,1004,RT,6,BEFORE_SNAP,-3.4,,OFF,right,49.3,23.46666666666667,0.0,0.0,0.0,,,,off,RT,
0,0,1004,RT,7,BEFORE_SNAP,-3.3,,OFF,right,49.3,23.46666666666667,0.0,0.0,0.0,,,,off,RT,
0,0,1004,RT,8,BEFORE_SNAP,-3.2,,OFF,right,49.3,23.46666666666667,0.0,0.0,0.0,,,,off,RT,
0,0,1004,RT,9,BEFORE_SNAP,-3.1,,OFF,right,49.3,23.46666666666667,0.0,0.0,0.0,,,,off,RT,
0,0,1004,RT,10,BEFORE_SNAP,-3.0,,OFF,right,49.3,23.46666666666667,0.0,0.0,0.0,,,,off,RT,
0,0,1004,RT,11,BEFORE_SNAP,-2.9,,OFF,right,49.3,23.46666666666667,0.0,0.0,0.0,,,,off,RT,
0,0,1004,RT,12,BEFORE_SNAP,-2.8,,OFF,right,49.3,23.46666666666667,0.0,0.0,0.0,,,,off,RT,
0,0,1004,RT,13,BEFORE_SNAP,-2.7,,OFF,right,49.3,23.46666666666667,0.0,0.0,0.0,,,,off,RT,
0,0,1004,RT,14,BEFORE_SNAP,-2.6,,OFF,right,49.3,23.46666666666667,0.0,0.0,0.0,,,,off,RT,
0,0,1004,RT,15,BEFORE_SNAP,-2.5,,OFF,right,49.3,23.46666666666667,0.0,0.0,0.0,,,,off,RT,
0,0,1004,RT,16,BEFORE_SNAP,-2.4,,OFF,right,49.3,23.46666666666667,0.0,0.0,0.0,,,,off,RT,
0,0,1004,RT,17,BEFORE_SNAP,-2.3,,OFF,right,49.3,23.46666666666667,0.0,0.0,0.0,,,,off,RT,
0,0,1004,RT,18,BEFORE_SNAP,-2.2,,OFF,right,49.3,23.46666666666667,0.0,0.0,0.0,,,,off,RT,
0,0,1004,RT,19,BEFORE_SNAP,-2.1,,OFF,right,49.3,23.46666666666667,0.0,0.0,0.0,,,,off,RT,
0,0,1004,RT,20,BEFORE_SNAP,-2.0,,OFF,right,49.3,23.46666666666667,0.0,0.0,0.0,,,,off,RT,
0,0,1004,RT,21,BEFORE_SNAP,-1.9,,OFF,right,49.3,23.46666666666667,0.0,0.0,0.0,,,,off,RT,
0,0,1004,RT,22,BEFORE_SNAP,-1.8,,OFF,right,49.3,23.46666666666667,0.0,0.0,0.0,,,,off,RT,
0,0,1004,RT,23,BEFORE_SNAP,-1.7,,OFF,right,49.3,23.46666666666667,0.0,0.0,0.0,,,,off,RT,
0,0,1004,RT,24,BEFORE_SNAP,-1.6,,OFF,right,49.3,23.46666666666667,0.0,0.0,0.0,,,,off,RT,
0,0,1004,RT,25,BEFORE_SNAP,-1.5,,OFF,right,49.3,23.46666666666667,0.0,0.0,0.0,,,,off,RT,
0,0,1004,RT,26,BEFORE_SNAP,-1.4,,OFF,right,49.3,23.46666666666667,0.0,0.0,0.0,,,,off,RT,
0,0,1004,RT,27,BEFORE_SNAP,-1.3,,OFF,right,49.3,23.46666666666667,0.0,0.0,0.0,,,,off,RT,
0,0,1004,RT,28,BEFORE_SNAP,-1.2,,OFF,right,49.3,23.46666666666667,0.0,0.0,0.0,,,,off,RT,
0,0,1004,RT,29,BEFORE_SNAP,-1.1,,OFF,right,49.3,23.46666666666667,0.0,0.0,0.0,,,,off,RT,
0,0,1004,RT,30,BEFORE_SNAP,-1.0,,OFF,right,49.3,23.46666666666667,0.0,0.0,0.0,,,,off,RT,
0,0,1004,RT,31,BEFORE_SNAP,-0.9,,OFF,right,49.3,23.46666666666667,0.0,0.0,0.0,,,,off,RT,
0,0,1004,RT,32,BEFORE_SNAP,-0.8,,OFF,right,49.3,23.46666666666667,0.0,0.0,0.0,,,,off,RT,
0,0,1004,RT,33,BEFORE_SNAP,-0.7,,OFF,right,49.3,23.46666666666667,0.0,0.0,0.0,,,,off,RT,
0,0,1004,RT,34,BEFORE_SNAP,-0.6,,OFF,right,49.3,23.46666666666667,0.0,0.0,0.0,,,,off,RT,
0,0,1004,RT,35,BEFORE_SNAP,-0.5,,OFF,right,49.3,23.46666666666667,0.0,0.0,0.0,,,,off,RT,
0,0,1004,RT,36,BEFORE_SNAP,-0.4,,OFF,right,49.3,23.46666666666667,0.0,0.0,0.0,,,,off,RT,
0,0,1004,RT,37,BEFORE_SNAP,-0.3,,OFF,right,49.3,23.46666666666667,0.0,0.0,0.0,,,,off,RT,
0,0,1004,RT,38,BEFORE_SNAP,-0.2,,OFF,right,49.3,23.46666666666667,0.0,0.0,0.0,,,,off,RT,
0,0,1004,RT,39,BEFORE_SNAP,-0.1,,OFF,right,49.3,23.46666666666667,0.0,0.0,0.0,,,,off,RT,
0,0,1004,RT,40,SNAP,0.0,,OFF,right,49.3,23.46666666666667,0.0,0.0,0.0,,,ball_snap,off,RT,
0,0,1004,RT,41,AFTER_SNAP,0.1,,OFF,right,49.3,23.46666666666667,0.0,0.0,0.0,,,,off,RT,
0,0,1004,RT,42,AFTER_SNAP,0.2,,OFF,right,49.3,23.46666666666667,0.0,0.0,0.0,,,,off,RT,
0,0,1004,RT,43,AFTER_SNAP,0.3,,OFF,right,49.3,23.46666666666667,0.0,0.0,0.0,,,,off,RT,
0,0,1004,RT,44,AFTER_SNAP,0.4,,OFF,right,49.3,23.46666666666667,0.0,0.0,0.0,,,,off,RT,
0,0,1004,RT,45,AFTER_SNAP,0.5,,OFF,right,49.3,23.46666666666667,0.0,0.0,0.0,,,,off,RT,
0,0,1004,RT,46,AFTER_SNAP,0.6,,OFF,right,49.3,23.46666666666667,0.0,0.0,0.0,,,,off,RT,
0,0,1004,RT,47,AFTER_SNAP,0.7,,OFF,right,49.3,23.46666666666667,0.0,0.0,0.0,,,,off,RT,
0,0,1004,RT,48,AFTER_SNAP,0.8,,OFF,right,49.3,23.46666666666667,0.0,0.0,0.0,,,,off,RT,
0,0,1004,RT,49,AFTER_SNAP,0.9,,OFF,right,49.3,23.46666666666667,0.0,0.0,0.0,,,,off,RT,
0,0,1004,RT,50,AFTER_SNAP,1.0,,OFF,right,49.3,23.46666666666667,0.0,0.0,0.0,,,,off,RT,
0,0,1004,RT,51,AFTER_SNAP,1.1,,OFF,right,49.3,23.46666666666667,0.0,0.0,0.0,,,,off,RT,
0,0,1004,RT,52,AFTER_SNAP,1.2,,OFF,right,49.3,23.46666666666667,0.0,0.0,0.0,,,,off,RT,
0,0,1004,RT,53,AFTER_SNAP,1.3,,OFF,right,49.3,23.46666666666667,0.0,0.0,0.0,,,,off,RT,
0,0,1004,RT,54,AFTER_SNAP,1.4,,OFF,right,49.3,23.46666666666667,0.0,0.0,0.0,,,pass_forward,off,RT,
0,0,1004,RT,55,AFTER_SNAP,1.5,,OFF,right,49.3,23.46666666666667,0.0,0.0,0.0,,,,off,RT,
0,0,1004,RT,56,AFTER_SNAP,1.6,,OFF,right,49.3,23.46666666666667,0.0,0.0,0.0,,,,off,RT,
0,0,1004,RT,57,AFTER_SNAP,1.7,,OFF,right,49.3,23.46666666666667,0.0,0.0,0.0,,,,off,RT,
0,0,1004,RT,58,AFTER_SNAP,1.8,,OFF,right,49.3,23.46666666666667,0.0,0.0,0.0,,,,off,RT,
0,0,1004,RT,59,AFTER_SNAP,1.9,,OFF,right,49.3,23.46666666666667,0.0,0.0,0.0,,,,off,RT,
0,0,1004,RT,60,AFTER_SNAP,2.0,,OFF,right,49.3,23.46666666666667,0.0,0.0,0.0,,,,off,RT,
0,0,1004,RT,61,AFTER_SNAP,2.1,,OFF,right,49.3,23.46666666666667,0.0,0.0,0.0,,,,off,RT,
0,0,1004,RT,62,AFTER_SNAP,2.2,,OFF,right,49.3,23.46666666666667,0.0,0.0,0.0,,,,off,RT,
0,0,1004,RT,63,AFTER_SNAP,2.3,,OFF,right,49.3,23.46666666666667,0.0,0.0,0.0,,,,off,RT,
0,0,1004,RT,64,AFTER_SNAP,2.4,,OFF,right,49.3,23.46666666666667,0.0,0.0,0.0,,,,off,RT,
0,0,1004,RT,65,AFTER_SNAP,2.5,,OFF,right,49.3,23.46666666666667,0.0,0.0,0.0,,,,off,RT,
0,0,1004,RT,66,AFTER_SNAP,2.6,,OFF,right,49.3,23.46666666666667,0.0,0.0,0.0,,,,off,RT,
0,0,1004,RT,67,AFTER_SNAP,2.7,,OFF,right,49.3,23.46666666666667,0.0,0.0,0.0,,,,off,RT,
0,0,1004,RT,68,AFTER_SNAP,2.8,,OFF,right,49.3,23.46666666666667,0.0,0.0,0.0,,,,off,RT,
0,0,1004,RT,69,AFTER_SNAP,2.9,,OFF,right,49.3,23.46666666666667,0.0,0.0,0.0,,,,off,RT,
0,0,1004,RT,70,AFTER_SNAP,3.0,,OFF,right,49.3,23.46666666666667,0.0,0.0,0.0,,,,off,RT,
0,0,1004,RT,71,AFTER_SNAP,3.1,,OFF,right,49.3,23.46666666666667,0.0,0.0,0.0,,,,off,RT,
0,0,1004,RT,72,AFTER_SNAP,3.2,,OFF,right,49.3,23.46666666666667,0.0,0.0,0.0,,,,off,RT,
0,0,1004,RT,73,AFTER_SNAP,3.3,,OFF,right,49.3,23.46666666666667,0.0,0.0,0.0,,,,off,RT,
0,0,1004,RT,74,AFTER_SNAP,3.4,,OFF,right,49.3,23.46666666666667,0.0,0.0,0.0,,,,off,RT,
0,0,1004,RT,75,AFTER_SNAP,3.5,,OFF,right,49.3,23.46666666666667,0.0,0.0,0.0,,,,off,RT,
0,0,1004,RT,76,AFTER_SNAP,3.6,,OFF,right,49.3,23.46666666666667,0.0,0.0,0.0,,,,off,RT,
0,0,1004,RT,77,AFTER_SNAP,3.7,,OFF,right,49.3,23.46666666666667,0.0,0.0,0.0,,,,off,RT,
0,0,1004,RT,78,AFTER_SNAP,3.8,,OFF,right,49.3,23.46666666666667,0.0,0.0,0.0,,,,off,RT,
0,0,1004,RT,79,AFTER_SNAP,3.9,,OFF,right,49.3,23.46666666666667,0.0,0.0,0.0,,,,off,RT,
0,0,1005,QB,1,BEFORE_SNAP,-3.9,,OFF,right,45.0,26.666666666666668,0.0,0.0,0.0,,,,off,QB,Q
0,0,1005,QB,2,BEFORE_SNAP,-3.8,,OFF,right,45.0,26.666666666666668,0.0,0.0,0.0,,,,off,QB,Q
0,0,1005,QB,3,BEFORE_SNAP,-3.7,,OFF,right,45.0,26.666666666666668,0.0,0.0,0.0,,,,off,QB,Q
0,0,1005,QB,4,BEFORE_SNAP,-3.6,,OFF,right,45.0,26.666666666666668,0.0,0.0,0.0,,,,off,QB,Q
0,0,1005,QB,5,BEFORE_SNAP,-3.5,,OFF,right,45.0,26.666666666666668,0.0,0.0,0.0,,,,off,QB,Q
0,0,1005,QB,6,BEFORE_SNAP,-3.4,,OFF,right,45.0,26.666666666666668,0.0,0.0,0.0,,,,off,QB,Q
0,0,1005,QB,7,BEFORE_SNAP,-3.3,,OFF,right,45.0,26.666666666666668,0.0,0.0,0.0,,,,off,QB,Q
0,0,1005,QB,8,BEFORE_SNAP,-3.2,,OFF,right,45.0,26.666666666666668,0.0,0.0,0.0,,,,off,QB,Q
0,0,1005,QB,9,BEFORE_SNAP,-3.1,,OFF,right,45.0,26.666666666666668,0.0,0.0,0.0,,,,off,QB,Q
0,0,1005,QB,10,BEFORE_SNAP,-3.0,,OFF,right,45.0,26.666666666666668,0.0,0.0,0.0,,,,off,QB,Q
0,0,1005,QB,11,BEFORE_SNAP,-2.9,,OFF,right,45.0,26.666666666666668,0.0,0.0,0.0,,,,off,QB,Q
0,0,1005,QB,12,BEFORE_SNAP,-2.8,,OFF,right,45.0,26.666666666666668,0.0,0.0,0.0,,,,off,QB,Q
0,0,1005,QB,13,BEFORE_SNAP,-2.7,,OFF,right,45.0,26.666666666666668,0.0,0.0,0.0,,,,off,QB,Q
0,0,1005,QB,14,BEFORE_SNAP,-2.6,,OFF,right,45.0,26.666666666666668,0.0,0.0,0.0,,,,off,QB,Q
0,0,1005,QB,15,BEFORE_SNAP,-2.5,,OFF,right,45.0,26.666666666666668,0.0,0.0,0.0,,,,off,QB,Q
0,0,1005,QB,16,BEFORE_SNAP,-2.4,,OFF,right,45.0,26.666666666666668,0.0,0.0,0.0,,,,off,QB,Q
0,0,1005,QB,17,BEFORE_SNAP,-2.3,,OFF,right,45.0,26.666666666666668,0.0,0.0,0.0,,,,off,QB,Q
0,0,1005,QB,18,BEFORE_SNAP,-2.2,,OFF,right,45.0,26.666666666666668,0.0,0.0,0.0,,,,off,QB,Q
0,0,1005,QB,19,BEFORE_SNAP,-2.1,,OFF,right,45.0,26.666666666666668,0.0,0.0,0.0,,,,off,QB,Q
0,0,1005,QB,20,BEFORE_SNAP,-2.0,,OFF,right,45.0,26.666666666666668,0.0,0.0,0.0,,,,off,QB,Q
0,0,1005,QB,21,BEFORE_SNAP,-1.9,,OFF,right,45.0,26.666666666666668,0.0,0.0,0.0,,,,off,QB,Q
0,0,1005,QB,22,BEFORE_SNAP,-1.8,,OFF,right,45.0,26.666666666666668,0.0,0.0,0.0,,,,off,QB,Q
0,0,1005,QB,23,BEFORE_SNAP,-1.7,,OFF,right,45.0,26.666666666666668,0.0,0.0,0.0,,,,off,QB,Q
0,0,1005,QB,24,BEFORE_SNAP,-1.6,,OFF,right,45.0,26.666666666666668,0.0,0.0,0.0,,,,off,QB,Q
0,0,1005,QB,25,BEFORE_SNAP,-1.5,,OFF,right,45.0,26.666666666666668,0.0,0.0,0.0,,,,off,QB,Q
0,0,1005,QB,26,BEFORE_SNAP,-1.4,,OFF,right,45.0,26.666666666666668,0.0,0.0,0.0,,,,off,QB,Q
0,0,1005,QB,27,BEFORE_SNAP,-1.3,,OFF,right,45.0,26.666666666666668,0.0,0.0,0.0,,,,off,QB,Q
0,0,1005,QB,28,BEFORE_SNAP,-1.2,,OFF,right,45.0,26.666666666666668,0.0,0.0,0.0,,,,off,QB,Q
0,0,1005,QB,29,BEFORE_SNAP,-1.1,,OFF,right,45.0,26.666666666666668,0.0,0.0,0.0,,,,off,QB,Q
0,0,1005,QB,30,BEFORE_SNAP,-1.0,,OFF,right,45.0,26.666666666666668,0.0,0.0,0.0,,,,off,QB,Q
0,0,1005,QB,31,BEFORE_SNAP,-0.9,,OFF,right,45.0,26.666666666666668,0.0,0.0,0.0,,,,off,QB,Q
0,0,1005,QB,32,BEFORE_SNAP,-0.8,,OFF,right,45.0,26.666666666666668,0.0,0.0,0.0,,,,off,QB,Q
0,0,1005,QB,33,BEFORE_SNAP,-0.7,,OFF,right,45.0,26.666666666666668,0.0,0.0,0.0,,,,off,QB,Q
0,0,1005,QB,34,BEFORE_SNAP,-0.6,,OFF,right,45.0,26.666666666666668,0.0,0.0,0.0,,,,off,QB,Q
0,0,1005,QB,35,BEFORE_SNAP,-0.5,,OFF,right,45.0,26.666666666666668,0.0,0.0,0.0,,,,off,QB,Q
0,0,1005,QB,36,BEFORE_SNAP,-0.4,,OFF,right,45.0,26.666666666666668,0.0,0.0,0.0,,,,off,QB,Q
0,0,1005,QB,37,BEFORE_SNAP,-0.3,,OFF,right,45.0,26.666666666666668,0.0,0.0,0.0,,,,off,QB,Q
0,0,1005,QB,38,BEFORE_SNAP,-0.2,,OFF,right,45.0,26.666666666666668,0.0,0.0,0.0,,,,off,QB,Q
0,0,1005,QB,39,BEFORE_SNAP,-0.1,,OFF,right,45.0,26.666666666666668,0.0,9.999999999999964,0.0,,,,off,QB,Q
0,0,1005,QB,40,SNAP,0.0,,OFF,right,45.0,26.666666666666668,1.999999999999993,19.99999999999993,0.1999999999999993,270.0,270.0,ball_snap,off,QB,Q
0,0,1005,QB,41,AFTER_SNAP,0.1,,OFF,right,44.6,26.666666666666668,3.999999999999986,10.000000000000142,0.3999999999999986,270.0,270.0,,off,QB,Q
0,0,1005,QB,42,AFTER_SNAP,0.2,,OFF,right,44.2,26.666666666666668,4.000000000000021,1.7763568394002507e-13,0.4000000000000021,270.0,270.0,,off,QB,Q
0,0,1005,QB,43,AFTER_SNAP,0.3,,OFF,right,43.8,26.666666666666668,4.000000000000021,1.7763568394002505e-13,0.40000000000000213,270.0,270.0,,off,QB,Q
0,0,1005,QB,44,AFTER_SNAP,0.4,,OFF,right,43.4,26.666666666666668,3.999999999999986,10.000000000000139,0.3999999999999986,270.0,270.0,,off,QB,Q
0,0,1005,QB,45,AFTER_SNAP,0.5,,OFF,right,43.0,26.666666666666668,1.9999999999999933,19.999999999999932,0.1999999999999993,270.0,270.0,,off,QB,Q
0,0,1005,QB,46,AFTER_SNAP,0.6,,OFF,right,43.0,26.666666666666668,0.0,9.999999999999968,0.0,,,,off,QB,Q
0,0,1005,QB,47,AFTER_SNAP,0.7,,OFF,right,43.0,26.666666666666668,0.0,0.0,0.0,,,,off,QB,Q
0,0,1005,QB,48,AFTER_SNAP,0.8,,OFF,right,43.0,26.666666666666668,0.0,0.0,0.0,,,,off,QB,Q
0,0,1005,QB,49,AFTER_SNAP,0.9,,OFF,right,43.0,26.666666666666668,0.0,0.0,0.0,,,,off,QB,Q
0,0,1005,QB,50,AFTER_SNAP,1.0,,OFF,right,43.0,26.666666666666668,0.0,0.0,0.0,,,,off,QB,Q
0,0,1005,QB,51,AFTER_SNAP,1.1,,OFF,right,43.0,26.666666666666668,0.0,0.0,0.0,,,,off,QB,Q
0,0,1005,QB,52,AFTER_SNAP,1.2,,OFF,right,43.0,26.666666666666668,0.0,0.0,0.0,,,,off,QB,Q
0,0,1005,QB,53,AFTER_SNAP,1.3,,OFF,right,43.0,26.666666666666668,0.0,0.0,0.0,,,,off,QB,Q
0,0,1005,QB,54,AFTER_SNAP,1.4,,OFF,right,43.0,26.666666666666668,0.0,0.0,0.0,,,pass_forward,off,QB,Q
0,0,1005,QB,55,AFTER_SNAP,1.5,,OFF,right,43.0,26.666666666666668,0.0,0.0,0.0,,,,off,QB,Q
0,0,1005,QB,56,AFTER_SNAP,1.6,,OFF,right,43.0,26.666666666666668,0.0,0.0,0.0,,,,off,QB,Q
0,0,1005,QB,57,AFTER_SNAP,1.7,,OFF,right,43.0,26.666666666666668,0.0,0.0,0.0,,,,off,QB,Q
0,0,1005,QB,58,AFTER_SNAP,1.8,,OFF,right,43.0,26.666666666666668,0.0,0.0,0.0,,,,off,QB,Q
0,0,1005,QB,59,AFTER_SNAP,1.9,,OFF,right,43.0,26.666666666666668,0.0,0.0,0.0,,,,off,QB,Q
0,0,1005,QB,60,AFTER_SNAP,2.0,,OFF,right,43.0,26.666666666666668,0.0,0.0,0.0,,,,off,QB,Q
0,0,1005,QB,61,AFTER_SNAP,2.1,,OFF,right,43.0,26.666666666666668,0.0,0.0,0.0,,,,off,QB,Q
0,0,1005,QB,62,AFTER_SNAP,2.2,,OFF,right,43.0,26.666666666666668,0.0,0.0,0.0,,,,off,QB,Q
0,0,1005,QB,63,AFTER_SNAP,2.3,,OFF,right,43.0,26.666666666666668,0.0,0.0,0.0,,,,off,QB,Q
0,0,1005,QB,64,AFTER_SNAP,2.4,,OFF,right,43.0,26.666666666666668,0.0,0.0,0.0,,,,off,QB,Q
0,0,1005,QB,65,AFTER_SNAP,2.5,,OFF,right,43.0,26.666666666666668,0.0,0.0,0.0,,,,off,QB,Q
0,0,1005,QB,66,AFTER_SNAP,2.6,,OFF,right,43.0,26.666666666666668,0.0,0.0,0.0,,,,off,QB,Q
0,0,1005,QB,67,AFTER_SNAP,2.7,,OFF,right,43.0,26.666666666666668,0.0,0.0,0.0,,,,off,QB,Q
0,0,1005,QB,68,AFTER_SNAP,2.8,,OFF,right,43.0,26.666666666666668,0.0,0.0,0.0,,,,off,QB,Q
0,0,1005,QB,69,AFTER_SNAP,2.9,,OFF,right,43.0,26.666666666666668,0.0,0.0,0.0,,,,off,QB,Q
0,0,1005,QB,70,AFTER_SNAP,3.0,,OFF,right,43.0,26.666666666666668,0.0,0.0,0.0,,,,off,QB,Q
0,0,1005,QB,71,AFTER_SNAP,3.1,,OFF,right,43.0,26.666666666666668,0.0,0.0,0.0,,,,off,QB,Q
0,0,1005,QB,72,AFTER_SNAP,3.2,,OFF,right,43.0,26.666666666666668,0.0,0.0,0.0,,,,off,QB,Q
0,0,1005,QB,73,AFTER_SNAP,3.3,,OFF,right,43.0,26.666666666666668,0.0,0.0,0.0,,,,off,QB,Q
0,0,1005,QB,74,AFTER_SNAP,3.4,,OFF,right,43.0,26.666666666666668,0.0,0.0,0.0,,,,off,QB,Q
0,0,1005,QB,75,AFTER_SNAP,3.5,,OFF,right,43.0,26.666666666666668,0.0,0.0,0.0,,,,off,QB,Q
0,0,1005,QB,76,AFTER_SNAP,3.6,,OFF,right,43.0,26.666666666666668,0.0,0.0,0.0,,,,off,QB,Q
0,0,1005,QB,77,AFTER_SNAP,3.7,,OFF,right,43.0,26.666666666666668,0.0,0.0,0.0,,,,off,QB,Q
0,0,1005,QB,78,AFTER_SNAP,3.8,,OFF,right,43.0,26.666666666666668,0.0,0.0,0.0,,,,off,QB,Q
0,0,1005,QB,79,AFTER_SNAP,3.9,,OFF,right,43.0,26.666666666666668,0.0,0.0,0.0,,,,off,QB,Q
0,0,1006,RB,1,BEFORE_SNAP,-3.9,,OFF,right,45.0,28.166666666666668,0.0,0.0,0.0,,,,off,RB,R
0,0,1006,RB,2,BEFORE_SNAP,-3.8,,OFF,right,45.0,28.166666666666668,0.0,0.0,0.0,,,,off,RB,R
0,0,1006,RB,3,BEFORE_SNAP,-3.7,,OFF,right,45.0,28.166666666666668,0.0,0.0,0.0,,,,off,RB,R
0,0,1006,RB,4,BEFORE_SNAP,-3.6,,OFF,right,45.0,28.166666666666668,0.0,0.0,0.0,,,,off,RB,R
0,0,1006,RB,5,BEFORE_SNAP,-3.5,,OFF,right,45.0,28.166666666666668,0.0,0.0,0.0,,,,off,RB,R
0,0,1006,RB,6,BEFORE_SNAP,-3.4,,OFF,right,45.0,28.166666666666668,0.0,0.0,0.0,,,,off,RB,R
0,0,1006,RB,7,BEFORE_SNAP,-3.3,,OFF,right,45.0,28.166666666666668,0.0,0.0,0.0,,,,off,RB,R
0,0,1006,RB,8,BEFORE_SNAP,-3.2,,OFF,right,45.0,28.166666666666668,0.0,0.0,0.0,,,,off,RB,R
0,0,1006,RB,9,BEFORE_SNAP,-3.1,,OFF,right,45.0,28.166666666666668,0.0,0.0,0.0,,,,off,RB,R
0,0,1006,RB,10,BEFORE_SNAP,-3.0,,OFF,right,45.0,28.166666666666668,0.0,0.0,0.0,,,,off,RB,R
0,0,1006,RB,11,BEFORE_SNAP,-2.9,,OFF,right,45.0,28.166666666666668,0.0,0.0,0.0,,,,off,RB,R
0,0,1006,RB,12,BEFORE_SNAP,-2.8,,OFF,right,45.0,28.166666666666668,0.0,0.0,0.0,,,,off,RB,R
0,0,1006,RB,13,BEFORE_SNAP,-2.7,,OFF,right,45.0,28.166666666666668,0.0,0.0,0.0,,,,off,RB,R
0,0,1006,RB,14,BEFORE_SNAP,-2.6,,OFF,right,45.0,28.166666666666668,0.0,0.0,0.0,,,,off,RB,R
0,0,1006,RB,15,BEFORE_SNAP,-2.5,,OFF,right,45.0,28.166666666666668,0.0,0.0,0.0,,,,off,RB,R
0,0,1006,RB,16,BEFORE_SNAP,-2.4,,OFF,right,45.0,28.166666666666668,0.0,0.0,0.0,,,,off,RB,R
0,0,1006,RB,17,BEFORE_SNAP,-2.3,,OFF,right,45.0,28.166666666666668,0.0,0.0,0.0,,,,off,RB,R
0,0,1006,RB,18,BEFORE_SNAP,-2.2,,OFF,right,45.0,28.166666666666668,0.0,0.0,0.0,,,,off,RB,R
0,0,1006,RB,19,BEFORE_SNAP,-2.1,,OFF,right,45.0,28.166666666666668,0.0,0.0,0.0,,,,off,RB,R
0,0,1006,RB,20,BEFORE_SNAP,-2.0,,OFF,right,45.0,28.166666666666668,0.0,0.0,0.0,,,,off,RB,R
0,0,1006,RB,21,BEFORE_SNAP,-1.9,,OFF,right,45.0,28.166666666666668,0.0,0.0,0.0,,,,off,RB,R
0,0,1006,RB,22,BEFORE_SNAP,-1.8,,OFF,right,45.0,28.166666666666668,0.0,0.0,0.0,,,,off,RB,R
0,0,1006,RB,23,BEFORE_SNAP,-1.7,,OFF,right,45.0,28.166666666666668,0.0,0.0,0.0,,,,off,RB,R
0,0,1006,RB,24,BEFORE_SNAP,-1.6,,OFF,right,45.0,28.166666666666668,0.0,0.0,0.0,,,,off,RB,R
0,0,1006,RB,25,BEFORE_SNAP,-1.5,,OFF,right,45.0,28.166666666666668,0.0,0.0,0.0,,,,off,RB,R
0,0,1006,RB,26,BEFORE_SNAP,-1.4,,OFF,right,45.0,28.166666666666668,0.0,0.0,0.0,,,,off,RB,R
0,0,1006,RB,27,BEFORE_SNAP,-1.3,,OFF,right,45.0,28.166666666666668,0.0,0.0,0.0,,,,off,RB,R
0,0,1006,RB,28,BEFORE_SNAP,-1.2,,OFF,right,45.0,28.166666666666668,0.0,0.0,0.0,,,,off,RB,R
0,0,1006,RB,29,BEFORE_SNAP,-1.1,,OFF,right,45.0,28.166666666666668,0.0,0.0,0.0,,,,off,RB,R
0,0,1006,RB,30,BEFORE_SNAP,-1.0,,OFF,right,45.0,28.166666666666668,0.0,0.0,0.0,,,,off,RB,R
0,0,1006,RB,31,BEFORE_SNAP,-0.9,,OFF,right,45.0,28.166666666666668,0.0,0.0,0.0,,,,off,RB,R
0,0,1006,RB,32,BEFORE_SNAP,-0.8,,OFF,right,45.0,28.166666666666668,0.0,0.0,0.0,,,,off,RB,R
0,0,1006,RB,33,BEFORE_SNAP,-0.7,,OFF,right,45.0,28.166666666666668,0.0,0.0,0.0,,,,off,RB,R
0,0,1006,RB,34,BEFORE_SNAP,-0.6,,OFF,right,45.0,28.166666666666668,0.0,0.0,0.0,,,,off,RB,R
0,0,1006,RB,35,BEFORE_SNAP,-0.5,,OFF,right,45.0,28.166666666666668,0.0,0.0,0.0,,,,off,RB,R
0,0,1006,RB,36,BEFORE_SNAP,-0.4,,OFF,right,45.0,28.166666666666668,0.0,0.0,0.0,,,,off,RB,R
0,0,1006,RB,37,BEFORE_SNAP,-0.3,,OFF,right,45.0,28.166666666666668,0.0,0.0,0.0,,,,off,RB,R
0,0,1006,RB,38,BEFORE_SNAP,-0.2,,OFF,right,45.0,28.166666666666668,0.0,0.0,0.0,,,,off,RB,R
0,0,1006,RB,39,BEFORE_SNAP,-0.1,,OFF,right,45.0,28.166666666666668,0.0,0.0,0.0,,,,off,RB,R
0,0,1006,RB,40,SNAP,0.0,,OFF,right,45.0,28.166666666666668,0.0,0.0,0.0,,,ball_snap,off,RB,R
0,0,1006,RB,41,AFTER_SNAP,0.1,,OFF,right,45.0,28.166666666666668,0.0,0.0,0.0,,,,off,RB,R
0,0,1006,RB,42,AFTER_SNAP,0.2,,OFF,right,45.0,28.166666666666668,0.0,0.0,0.0,,,,off,RB,R
0,0,1006,RB,43,AFTER_SNAP,0.3,,OFF,right,45.0,28.166666666666668,0.0,0.0,0.0,,,,off,RB,R
0,0,1006,RB,44,AFTER_SNAP,0.4,,OFF,right,45.0,28.166666666666668,0.0,0.0,0.0,,,,off,RB,R
0,0,1006,RB,45,AFTER_SNAP,0.5,,OFF,right,45.0,28.166666666666668,0.0,0.0,0.0,,,,off,RB,R
0,0,1006,RB,46,AFTER_SNAP,0.6,,OFF,right,45.0,28.166666666666668,0.0,0.0,0.0,,,,off,RB,R
0,0,1006,RB,47,AFTER_SNAP,0.7,,OFF,right,45.0,28.166666666666668,0.0,0.0,0.0,,,,off,RB,R
0,0,1006,RB,48,AFTER_SNAP,0.8,,OFF,right,45.0,28.166666666666668,0.0,0.0,0.0,,,,off,RB,R
0,0,1006,RB,49,AFTER_SNAP,0.9,,OFF,right,45.0,28.166666666666668,0.0,0.0,0.0,,,,off,RB,R
0,0,1006,RB,50,AFTER_SNAP,1.0,,OFF,right,45.0,28.166666666666668,0.0,0.0,0.0,,,,off,RB,R
0,0,1006,RB,51,AFTER_SNAP,1.1,,OFF,right,45.0,28.166666666666668,0.0,0.0,0.0,,,,off,RB,R
0,0,1006,RB,52,AFTER_SNAP,1.2,,OFF,right,45.0,28.166666666666668,0.0,0.0,0.0,,,,off,RB,R
0,0,1006,RB,53,AFTER_SNAP,1.3,,OFF,right,45.0,28.166666666666668,0.0,0.0,0.0,,,,off,RB,R
0,0,1006,RB,54,AFTER_SNAP,1.4,,OFF,right,45.0,28.166666666666668,0.0,0.0,0.0,,,pass_forward,off,RB,R
0,0,1006,RB,55,AFTER_SNAP,1.5,,OFF,right,45.0,28.166666666666668,0.0,0.0,0.0,,,,off,RB,R
0,0,1006,RB,56,AFTER_SNAP,1.6,,OFF,right,45.0,28.166666666666668,0.0,0.0,0.0,,,,off,RB,R
0,0,1006,RB,57,AFTER_SNAP,1.7,,OFF,right,45.0,28.166666666666668,0.0,0.0,0.0,,,,off,RB,R
0,0,1006,RB,58,AFTER_SNAP,1.8,,OFF,right,45.0,28.166666666666668,0.0,0.0,0.0,,,,off,RB,R
0,0,1006,RB,59,AFTER_SNAP,1.9,,OFF,right,45.0,28.166666666666668,0.0,0.0,0.0,,,,off,RB,R
0,0,1006,RB,60,AFTER_SNAP,2.0,,OFF,right,45.0,28.166666666666668,0.0,0.0,0.0,,,,off,RB,R
0,0,1006,RB,61,AFTER_SNAP,2.1,,OFF,right,45.0,28.166666666666668,0.0,0.0,0.0,,,,off,RB,R
0,0,1006,RB,62,AFTER_SNAP,2.2,,OFF,right,45.0,28.166666666666668,0.0,0.0,0.0,,,,off,RB,R
0,0,1006,RB,63,AFTER_SNAP,2.3,,OFF,right,45.0,28.166666666666668,0.0,0.0,0.0,,,,off,RB,R
0,0,1006,RB,64,AFTER_SNAP,2.4,,OFF,right,45.0,28.166666666666668,0.0,0.0,0.0,,,,off,RB,R
0,0,1006,RB,65,AFTER_SNAP,2.5,,OFF,right,45.0,28.166666666666668,0.0,0.0,0.0,,,,off,RB,R
0,0,1006,RB,66,AFTER_SNAP,2.6,,OFF,right,45.0,28.166666666666668,0.0,0.0,0.0,,,,off,RB,R
0,0,1006,RB,67,AFTER_SNAP,2.7,,OFF,right,45.0,28.166666666666668,0.0,0.0,0.0,,,,off,RB,R
0,0,1006,RB,68,AFTER_SNAP,2.8,,OFF,right,45.0,28.166666666666668,0.0,0.0,0.0,,,,off,RB,R
0,0,1006,RB,69,AFTER_SNAP,2.9,,OFF,right,45.0,28.166666666666668,0.0,0.0,0.0,,,,off,RB,R
0,0,1006,RB,70,AFTER_SNAP,3.0,,OFF,right,45.0,28.166666666666668,0.0,0.0,0.0,,,,off,RB,R
0,0,1006,RB,71,AFTER_SNAP,3.1,,OFF,right,45.0,28.166666666666668,0.0,0.0,0.0,,,,off,RB,R
0,0,1006,RB,72,AFTER_SNAP,3.2,,OFF,right,45.0,28.166666666666668,0.0,0.0,0.0,,,,off,RB,R
0,0,1006,RB,73,AFTER_SNAP,3.3,,OFF,right,45.0,28.166666666666668,0.0,0.0,0.0,,,,off,RB,R
0,0,1006,RB,74,AFTER_SNAP,3.4,,OFF,right,45.0,28.166666666666668,0.0,0.0,0.0,,,,off,RB,R
0,0,1006,RB,75,AFTER_SNAP,3.5,,OFF,right,45.0,28.166666666666668,0.0,0.0,0.0,,,,off,RB,R
0,0,1006,RB,76,AFTER_SNAP,3.6,,OFF,right,45.0,28.166666666666668,0.0,0.0,0.0,,,,off,RB,R
0,0,1006,RB,77,AFTER_SNAP,3.7,,OFF,right,45.0,28.166666666666668,0.0,0.0,0.0,,,,off,RB,R
0,0,1006,RB,78,AFTER_SNAP,3.8,,OFF,right,45.0,28.166666666666668,0.0,0.0,0.0,,,,off,RB,R
0,0,1006,RB,79,AFTER_SNAP,3.9,,OFF,right,45.0,28.166666666666668,0.0,0.0,0.0,,,,off,RB,R
0,0,1007,X,1,BEFORE_SNAP,-3.9,,OFF,right,49.3,41.66666666666667,0.16834647227704916,24.158267638614568,0.016834647227704932,182.41102974660743,182.41102974660743,,off,WR,X
0,0,1007,X,2,BEFORE_SNAP,-3.8,,OFF,right,49.29929180023742,41.64984692230543,2.584173236138508,24.158267638614806,0.25841732361385045,182.4110297466106,182.4110297466106,,off,WR,X
0,0,1007,X,3,BEFORE_SNAP,-3.7,,OFF,right,49.278257805494334,41.150289547157044,5.0000000000000036,12.079133819307621,0.49999999999999967,182.41102974661112,182.41102974661112,,off,WR,X
0,0,1007,X,4,BEFORE_SNAP,-3.6,,OFF,right,49.25722381075124,40.65073217200865,5.000000000000029,5.329070518200747e-14,0.5000000000000033,182.41102974661152,182.41102974661152,,off,WR,X
0,0,1007,X,5,BEFORE_SNAP,-3.5,,OFF,right,49.23618981600815,40.15117479686026,4.999999999999993,1.8207657603852552e-13,0.4999999999999997,182.41102974661112,182.41102974661112,,off,WR,X
0,0,1007,X,6,BEFORE_SNAP,-3.4,,OFF,right,49.215155821265064,39.651617421711876,4.999999999999993,5.773159728050809e-14,0.4999999999999997,182.41102974661112,182.41102974661112,,off,WR,X
0,0,1007,X,7,BEFORE_SNAP,-3.3,,OFF,right,49.19412182652197,39.152060046563484,5.000000000000004,5.3290705182007583e-14,0.4999999999999998,182.41102974661152,182.41102974661152,,off,WR,X
0,0,1007,X,8,BEFORE_SNAP,-3.2,,OFF,right,49.17308783177888,38.6525026714151,5.0000000000000036,5.773159728050822e-14,0.49999999999999967,182.41102974661112,182.41102974661112,,off,WR,X
0,0,1007,X,9,BEFORE_SNAP,-3.1,,OFF,right,49.152053837035794,38.15294529626671,4.999999999999993,4.8849813083506844e-14,0.4999999999999997,182.41102974661112,182.41102974661112,,off,WR,X
0,0,1007,X,10,BEFORE_SNAP,-3.0,,OFF,right,49.1310198422927,37.65338792111832,4.999999999999994,1.776356839400249e-13,0.49999999999999983,182.41102974661152,182.41102974661152,,off,WR,X
0,0,1007,X,11,BEFORE_SNAP,-2.9,,OFF,right,49.10998584754961,37.15383054596993,5.000000000000028,4.8849813083506844e-14,0.5000000000000033,182.4110297466111,182.4110297466111,,off,WR,X
0,0,1007,X,12,BEFORE_SNAP,-2.8,,OFF,right,49.088951852806524,36.65427317082154,5.0000000000000036,2.9309887850104173e-13,0.49999999999999967,182.41102974661112,182.41102974661112,,off,WR,X
0,0,1007,X,13,BEFORE_SNAP,-2.7,,OFF,right,49.06791785806343,36.154715795673155,4.99999999999997,5.3290705182007583e-14,0.49999999999999634,182.41102974661152,182.41102974661152,,off,WR,X
0,0,1007,X,14,BEFORE_SNAP,-2.6,,OFF,right,49.04688386332034,35.65515842052477,4.999999999999993,2.9309887850104107e-13,0.4999999999999997,182.41102974661112,182.41102974661112,,off,WR,X
0,0,1007,X,15,BEFORE_SNAP,-2.5,,OFF,right,49.025849868577254,35.15560104537638,5.000000000000028,4.440892098500622e-15,0.5000000000000033,182.4110297466111,182.4110297466111,,off,WR,X
0,0,1007,X,16,BEFORE_SNAP,-2.4,,OFF,right,49.00481587383416,34.65604367022799,4.999999999999994,1.2434497875801743e-13,0.49999999999999983,182.41102974661152,182.41102974661152,,off,WR,X
0,0,1007,X,17,BEFORE_SNAP,-2.3,,OFF,right,48.98378187909107,34.1564862950796,5.0000000000000036,4.884981308350695e-14,0.49999999999999967,182.41102974661112,182.41102974661112,,off,WR,X
0,0,1007,X,18,BEFORE_SNAP,-2.2,,OFF,right,48.96274788434798,33.65692891993121,5.0000000000000036,4.884981308350695e-14,0.49999999999999967,182.41102974661112,182.41102974661112,,off,WR,X
0,0,1007,X,19,BEFORE_SNAP,-2.1,,OFF,right,48.94171388960489,33.157371544782826,4.999999999999994,5.329070518200747e-14,0.49999999999999983,182.41102974661152,182.41102974661152,,off,WR,X
0,0,1007,X,20,BEFORE_SNAP,-2.0,,OFF,right,48.9206798948618,32.657814169634435,4.999999999999993,2.2204460492503112e-14,0.4999999999999997,182.41102974661112,182.41102974661112,,off,WR,X
0,0,1007,X,21,BEFORE_SNAP,-1.9,,OFF,right,48.89964590011871,32.15825679448605,4.999999999999998,1.1990408665951693e-13,0.4999999999999997,182.41102974661112,182.41102974661112,,off,WR,X
0,0,1007,X,22,BEFORE_SNAP,-1.8,,OFF,right,48.87861190537562,31.65869941933766,5.000000000000017,0.0,0.5000000000000016,182.41102974661152,182.41102974661152,,off,WR,X
0,0,1007,X,23,BEFORE_SNAP,-1.7,,OFF,right,48.85757791063253,31.15914204418927,4.999999999999998,1.8207657603852572e-13,0.4999999999999997,182.41102974661112,182.41102974661112,,off,WR,X
0,0,1007,X,24,BEFORE_SNAP,-1.6,,OFF,right,48.83654391588944,30.659584669040882,4.9999999999999805,2.2204460492503137e-14,0.49999999999999795,182.41102974661112,182.41102974661112,,off,WR,X
0,0,1007,X,25,BEFORE_SNAP,-1.5,,OFF,right,48.81550992114635,30.160027293892497,4.999999999999994,1.776356839400249e-13,0.49999999999999983,182.41102974661152,182.41102974661152,,off,WR,X
0,0,1007,X,26,BEFORE_SNAP,-1.4,,OFF,right,48.79447592640326,29.660469918744106,5.000000000000016,2.2204460492503137e-14,0.5000000000000014,182.4110297466111,182.4110297466111,,off,WR,X
0,0,1007,X,27,BEFORE_SNAP,-1.3,,OFF,right,48.77344193166017,29.160912543595717,4.999999999999998,8.437694987151191e-14,0.4999999999999997,182.41102974661112,182.41102974661112,,off,WR,X
0,0,1007,X,28,BEFORE_SNAP,-1.2,,OFF,right,48.75240793691708,28.66135516844733,4.999999999999999,0.0,0.4999999999999998,182.41102974661152,182.41102974661152,,off,WR,X
0,0,1007,X,29,BEFORE_SNAP,-1.1,,OFF,right,48.73137394217399,28.16179779329894,4.999999999999998,7.105427357601003e-14,0.4999999999999997,182.41102974661112,182.41102974661112,,off,WR,X
0,0,1007,X,30,BEFORE_SNAP,-1.0,,OFF,right,48.7103399474309,27.662240418150553,5.000000000000013,4.4408920985006246e-15,0.5000000000000016,182.4110297466111,182.4110297466111,,off,WR,X
0,0,1007,X,31,BEFORE_SNAP,-0.9,,OFF,right,48.68930595268781,27.16268304300216,4.999999999999999,1.776356839400251e-13,0.4999999999999998,182.41102974661152,182.41102974661152,,off,WR,X
0,0,1007,X,32,BEFORE_SNAP,-0.8,,OFF,right,48.66827195794472,26.663125667853777,4.999999999999978,7.105427357600999e-14,0.49999999999999795,182.41102974661112,182.41102974661112,,off,WR,X
0,0,1007,X,33,BEFORE_SNAP,-0.7,,OFF,right,48.64723796320163,26.16356829270539,5.000000000000013,1.9539925233402748e-13,0.5000000000000016,182.4110297466111,182.4110297466111,,off,WR,X
0,0,1007,X,34,BEFORE_SNAP,-0.6,,OFF,right,48.62620396845854,25.664010917556997,5.000000000000017,7.549516567451066e-14,0.5000000000000016,182.41102974661152,182.41102974661152,,off,WR,X
0,0,1007,X,35,BEFORE_SNAP,-0.5,,OFF,right,48.60516997371545,25.16445354240861,4.999999999999998,9.76996261670138e-14,0.4999999999999997,182.41102974661112,182.41102974661112,,off,WR,X
0,0,1007,X,36,BEFORE_SNAP,-0.4,,OFF,right,48.58413597897236,24.66489616726022,4.999999999999997,8.881784197001252e-14,0.4999999999999998,182.41102974661112,182.41102974661112,,off,WR,X
0,0,1007,X,37,BEFORE_SNAP,-0.3,,OFF,right,48.56310198422927,24.165338792111832,4.9999999999999805,0.0,0.49999999999999806,182.41102974661152,182.41102974661152,,off,WR,X
0,0,1007,X,38,BEFORE_SNAP,-0.2,,OFF,right,48.54206798948618,23.665781416963448,4.999999999999997,1.7319479184152445e-13,0.49999999999999967,182.41102974661112,182.41102974661112,,off,WR,X
0,0,1007,X,39,BEFORE_SNAP,-0.1,,OFF,right,48.52103399474309,23.166224041815056,5.000000000000015,5.990258004033739,0.5000000000000016,182.4110297466111,182.4110297466111,,off,WR,X
0,0,1007,X,40,SNAP,0.0,,OFF,right,48.5,22.666666666666668,6.198051600806745,12.49999999999995,0.6198051600806745,173.34775086875234,173.34775086875234,ball_snap,off,WR,X
0,0,1007,X,41,AFTER_SNAP,0.1,,OFF,right,48.66463414634146,21.9349593495935,7.500000000000005,6.509741995966305,0.7500000000000006,167.31961650818022,167.31961650818022,,off,WR,X
0,0,1007,X,42,AFTER_SNAP,0.2,,OFF,right,48.829268292682926,21.203252032520325,7.500000000000006,8.881784197001254e-14,0.7500000000000006,167.31961650818022,167.31961650818022,,off,WR,X
0,0,1007,X,43,AFTER_SNAP,0.3,,OFF,right,48.99390243902439,20.471544715447155,7.499999999999988,4.440892098500626e-15,0.7499999999999988,167.31961650818022,167.31961650818022,,off,WR,X
0,0,1007,X,44,AFTER_SNAP,0.4,,OFF,right,49.15853658536585,19.739837398373986,7.500000000000005,0.05423056433968121,0.7500000000000006,167.31961650818022,167.31961650818022,,off,WR,X
0,0,1007,X,45,AFTER_SNAP,0.5,,OFF,right,49.323170731707314,19.008130081300813,7.489153887132051,0.049605580028817556,0.748915388713205,169.17665700625543,169.17665700625543,,off,WR,X
0,0,1007,X,46,AFTER_SNAP,0.6,,OFF,right,49.4398014876084,18.268651790582673,7.490078883994242,0.054230564339747836,0.749007888399424,172.66476384194698,172.66476384194698,,off,WR,X
0,0,1007,X,47,AFTER_SNAP,0.7,,OFF,right,49.51442927687415,17.52237389792518,7.500000000000001,0.049605580028795324,0.7500000000000003,174.28940686250024,174.28940686250024,,off,WR,X
0,0,1007,X,48,AFTER_SNAP,0.8,,OFF,right,49.5890570661399,16.77609600526769,7.500000000000001,4.4408920985006246e-15,0.7500000000000003,174.28940686250024,174.28940686250024,,off,WR,X
0,0,1007,X,49,AFTER_SNAP,0.9,,OFF,right,49.66368485540565,16.029818112610197,7.500000000000002,1.7763568394002508e-14,0.75,174.2894068625005,174.2894068625005,,off,WR,X
0,0,1007,X,50,AFTER_SNAP,1.0,,OFF,right,49.738312644671396,15.283540219952705,7.499999999999997,1.7763568394002498e-14,0.75,174.2894068625005,174.2894068625005,,off,WR,X
0,0,1007,X,51,AFTER_SNAP,1.1,,OFF,right,49.81294043393714,14.537262327295213,7.500000000000005,3.996802888650564e-14,0.7500000000000003,174.28940686250024,174.28940686250024,,off,WR,X
0,0,1007,X,52,AFTER_SNAP,1.2,,OFF,right,49.8875682232029,13.790984434637721,7.500000000000005,9.251865683186676,0.7500000000000003,174.28940686250024,174.28940686250024,,off,WR,X
0,0,1007,X,53,AFTER_SNAP,1.3,,OFF,right,49.962196012468645,13.04470654198023,5.649626863362671,28.00186568318668,0.5649626863362669,174.28940686250053,174.28940686250053,,off,WR,X
0,0,1007,X,54,AFTER_SNAP,1.4,,OFF,right,50.0,12.666666666666668,1.8996268633626707,28.24813431681336,0.18996268633626703,174.28940686250058,174.28940686250058,pass_forward,off,WR,X
0,0,1007,X,55,AFTER_SNAP,1.5,,OFF,right,50.0,12.666666666666668,0.0,9.498134316813346,0.0,,,,off,WR,X
0,0,1007,X,56,AFTER_SNAP,1.6,,OFF,right,50.0,12.666666666666668,0.0,0.0,0.0,,,,off,WR,X
0,0,1007,X,57,AFTER_SNAP,1.7,,OFF,right,50.0,12.666666666666668,0.0,0.0,0.0,,,,off,WR,X
0,0,1007,X,58,AFTER_SNAP,1.8,,OFF,right,50.0,12.666666666666668,0.0,0.0,0.0,,,,off,WR,X
0,0,1007,X,59,AFTER_SNAP,1.9,,OFF,right,50.0,12.666666666666668,0.0,0.0,0.0,,,,off,WR,X
0,0,1007,X,60,AFTER_SNAP,2.0,,OFF,right,50.0,12.666666666666668,0.0,0.0,0.0,,,,off,WR,X
0,0,1007,X,61,AFTER_SNAP,2.1,,OFF,right,50.0,12.666666666666668,0.0,0.0,0.0,,,,off,WR,X
0,0,1007,X,62,AFTER_SNAP,2.2,,OFF,right,50.0,12.666666666666668,0.0,0.0,0.0,,,,off,WR,X
0,0,1007,X,63,AFTER_SNAP,2.3,,OFF,right,50.0,12.666666666666668,0.0,0.0,0.0,,,,off,WR,X
0,0,1007,X,64,AFTER_SNAP,2.4,,OFF,right,50.0,12.666666666666668,0.0,0.0,0.0,,,,off,WR,X
0,0,1007,X,65,AFTER_SNAP,2.5,,OFF,right,50.0,12.666666666666668,0.0,0.0,0.0,,,,off,WR,X
0,0,1007,X,66,AFTER_SNAP,2.6,,OFF,right,50.0,12.666666666666668,0.0,0.0,0.0,,,,off,WR,X
0,0,1007,X,67,AFTER_SNAP,2.7,,OFF,right,50.0,12.666666666666668,0.0,0.0,0.0,,,,off,WR,X
0,0,1007,X,68,AFTER_SNAP,2.8,,OFF,right,50.0,12.666666666666668,0.0,0.0,0.0,,,,off,WR,X
0,0,1007,X,69,AFTER_SNAP,2.9,,OFF,right,50.0,12.666666666666668,0.0,0.0,0.0,,,,off,WR,X
0,0,1007,X,70,AFTER_SNAP,3.0,,OFF,right,50.0,12.666666666666668,0.0,0.0,0.0,,,,off,WR,X
0,0,1007,X,71,AFTER_SNAP,3.1,,OFF,right,50.0,12.666666666666668,0.0,0.0,0.0,,,,off,WR,X
0,0,1007,X,72,AFTER_SNAP,3.2,,OFF,right,50.0,12.666666666666668,0.0,0.0,0.0,,,,off,WR,X
0,0,1007,X,73,AFTER_SNAP,3.3,,OFF,right,50.0,12.666666666666668,0.0,0.0,0.0,,,,off,WR,X
0,0,1007,X,74,AFTER_SNAP,3.4,,OFF,right,50.0,12.666666666666668,0.0,0.0,0.0,,,,off,WR,X
0,0,1007,X,75,AFTER_SNAP,3.5,,OFF,right,50.0,12.666666666666668,0.0,0.0,0.0,,,,off,WR,X
0,0,1007,X,76,AFTER_SNAP,3.6,,OFF,right,50.0,12.666666666666668,0.0,0.0,0.0,,,,off,WR,X
0,0,1007,X,77,AFTER_SNAP,3.7,,OFF,right,50.0,12.666666666666668,0.0,0.0,0.0,,,,off,WR,X
0,0,1007,X,78,AFTER_SNAP,3.8,,OFF,right,50.0,12.666666666666668,0.0,0.0,0.0,,,,off,WR,X
0,0,1007,X,79,AFTER_SNAP,3.9,,OFF,right,50.0,12.666666666666668,0.0,0.0,0.0,,,,off,WR,X
0,0,1008,Y,1,BEFORE_SNAP,-3.9,,OFF,right,49.3,21.866666666666667,0.0,0.0,0.0,,,,off,TE,Y
0,0,1008,Y,2,BEFORE_SNAP,-3.8,,OFF,right,49.3,21.866666666666667,0.0,0.0,0.0,,,,off,TE,Y
0,0,1008,Y,3,BEFORE_SNAP,-3.7,,OFF,right,49.3,21.866666666666667,0.0,0.0,0.0,,,,off,TE,Y
0,0,1008,Y,4,BEFORE_SNAP,-3.6,,OFF,right,49.3,21.866666666666667,0.0,0.0,0.0,,,,off,TE,Y
0,0,1008,Y,5,BEFORE_SNAP,-3.5,,OFF,right,49.3,21.866666666666667,0.0,0.0,0.0,,,,off,TE,Y
0,0,1008,Y,6,BEFORE_SNAP,-3.4,,OFF,right,49.3,21.866666666666667,0.0,0.0,0.0,,,,off,TE,Y
0,0,1008,Y,7,BEFORE_SNAP,-3.3,,OFF,right,49.3,21.866666666666667,0.0,0.0,0.0,,,,off,TE,Y
0,0,1008,Y,8,BEFORE_SNAP,-3.2,,OFF,right,49.3,21.866666666666667,0.0,0.0,0.0,,,,off,TE,Y
0,0,1008,Y,9,BEFORE_SNAP,-3.1,,OFF,right,49.3,21.866666666666667,0.0,0.0,0.0,,,,off,TE,Y
0,0,1008,Y,10,BEFORE_SNAP,-3.0,,OFF,right,49.3,21.866666666666667,0.0,0.0,0.0,,,,off,TE,Y
0,0,1008,Y,11,BEFORE_SNAP,-2.9,,OFF,right,49.3,21.866666666666667,0.0,0.0,0.0,,,,off,TE,Y
0,0,1008,Y,12,BEFORE_SNAP,-2.8,,OFF,right,49.3,21.866666666666667,0.0,0.0,0.0,,,,off,TE,Y
0,0,1008,Y,13,BEFORE_SNAP,-2.7,,OFF,right,49.3,21.866666666666667,0.0,0.0,0.0,,,,off,TE,Y
0,0,1008,Y,14,BEFORE_SNAP,-2.6,,OFF,right,49.3,21.866666666666667,0.0,0.0,0.0,,,,off,TE,Y
0,0,1008,Y,15,BEFORE_SNAP,-2.5,,OFF,right,49.3,21.866666666666667,0.0,0.0,0.0,,,,off,TE,Y
0,0,1008,Y,16,BEFORE_SNAP,-2.4,,OFF,right,49.3,21.866666666666667,0.0,0.0,0.0,,,,off,TE,Y
0,0,1008,Y,17,BEFORE_SNAP,-2.3,,OFF,right,49.3,21.866666666666667,0.0,0.0,0.0,,,,off,TE,Y
0,0,1008,Y,18,BEFORE_SNAP,-2.2,,OFF,right,49.3,21.866666666666667,0.0,0.0,0.0,,,,off,TE,Y
0,0,1008,Y,19,BEFORE_SNAP,-2.1,,OFF,right,49.3,21.866666666666667,0.0,0.0,0.0,,,,off,TE,Y
0,0,1008,Y,20,BEFORE_SNAP,-2.0,,OFF,right,49.3,21.866666666666667,0.0,0.0,0.0,,,,off,TE,Y
0,0,1008,Y,21,BEFORE_SNAP,-1.9,,OFF,right,49.3,21.866666666666667,0.0,0.0,0.0,,,,off,TE,Y
0,0,1008,Y,22,BEFORE_SNAP,-1.8,,OFF,right,49.3,21.866666666666667,0.0,0.0,0.0,,,,off,TE,Y
0,0,1008,Y,23,BEFORE_SNAP,-1.7,,OFF,right,49.3,21.866666666666667,0.0,0.0,0.0,,,,off,TE,Y
0,0,1008,Y,24,BEFORE_SNAP,-1.6,,OFF,right,49.3,21.866666666666667,0.0,0.0,0.0,,,,off,TE,Y
0,0,1008,Y,25,BEFORE_SNAP,-1.5,,OFF,right,49.3,21.866666666666667,0.0,0.0,0.0,,,,off,TE,Y
0,0,1008,Y,26,BEFORE_SNAP,-1.4,,OFF,right,49.3,21.866666666666667,0.0,0.0,0.0,,,,off,TE,Y
0,0,1008,Y,27,BEFORE_SNAP,-1.3,,OFF,right,49.3,21.866666666666667,0.0,0.0,0.0,,,,off,TE,Y
0,0,1008,Y,28,BEFORE_SNAP,-1.2,,OFF,right,49.3,21.866666666666667,0.0,0.0,0.0,,,,off,TE,Y
0,0,1008,Y,29,BEFORE_SNAP,-1.1,,OFF,right,49.3,21.866666666666667,0.0,0.0,0.0,,,,off,TE,Y
0,0,1008,Y,30,BEFORE_SNAP,-1.0,,OFF,right,49.3,21.866666666666667,0.0,0.0,0.0,,,,off,TE,Y
0,0,1008,Y,31,BEFORE_SNAP,-0.9,,OFF,right,49.3,21.866666666666667,0.0,0.0,0.0,,,,off,TE,Y
0,0,1008,Y,32,BEFORE_SNAP,-0.8,,OFF,right,49.3,21.866666666666667,0.0,0.0,0.0,,,,off,TE,Y
0,0,1008,Y,33,BEFORE_SNAP,-0.7,,OFF,right,49.3,21.866666666666667,0.0,0.0,0.0,,,,off,TE,Y
0,0,1008,Y,34,BEFORE_SNAP,-0.6,,OFF,right,49.3,21.866666666666667,0.0,0.0,0.0,,,,off,TE,Y
0,0,1008,Y,35,BEFORE_SNAP,-0.5,,OFF,right,49.3,21.866666666666667,0.0,0.0,0.0,,,,off,TE,Y
0,0,1008,Y,36,BEFORE_SNAP,-0.4,,OFF,right,49.3,21.866666666666667,0.0,0.0,0.0,,,,off,TE,Y
0,0,1008,Y,37,BEFORE_SNAP,-0.3,,OFF,right,49.3,21.866666666666667,0.0,0.0,0.0,,,,off,TE,Y
0,0,1008,Y,38,BEFORE_SNAP,-0.2,,OFF,right,49.3,21.866666666666667,0.0,0.0,0.0,,,,off,TE,Y
0,0,1008,Y,39,BEFORE_SNAP,-0.1,,OFF,right,49.3,21.866666666666667,0.0,0.0,0.0,,,,off,TE,Y
0,0,1008,Y,40,SNAP,0.0,,OFF,right,49.3,21.866666666666667,0.0,0.0,0.0,,,ball_snap,off,TE,Y
0,0,1008,Y,41,AFTER_SNAP,0.1,,OFF,right,49.3,21.866666666666667,0.0,0.0,0.0,,,,off,TE,Y
0,0,1008,Y,42,AFTER_SNAP,0.2,,OFF,right,49.3,21.866666666666667,0.0,0.0,0.0,,,,off,TE,Y
0,0,1008,Y,43,AFTER_SNAP,0.3,,OFF,right,49.3,21.866666666666667,0.0,0.0,0.0,,,,off,TE,Y
0,0,1008,Y,44,AFTER_SNAP,0.4,,OFF,right,49.3,21.866666666666667,0.0,0.0,0.0,,,,off,TE,Y
0,0,1008,Y,45,AFTER_SNAP,0.5,,OFF,right,49.3,21.866666666666667,0.0,0.0,0.0,,,,off,TE,Y
0,0,1008,Y,46,AFTER_SNAP,0.6,,OFF,right,49.3,21.866666666666667,0.0,0.0,0.0,,,,off,TE,Y
0,0,1008,Y,47,AFTER_SNAP,0.7,,OFF,right,49.3,21.866666666666667,0.0,0.0,0.0,,,,off,TE,Y
0,0,1008,Y,48,AFTER_SNAP,0.8,,OFF,right,49.3,21.866666666666667,0.0,0.0,0.0,,,,off,TE,Y
0,0,1008,Y,49,AFTER_SNAP,0.9,,OFF,right,49.3,21.866666666666667,0.0,0.0,0.0,,,,off,TE,Y
0,0,1008,Y,50,AFTER_SNAP,1.0,,OFF,right,49.3,21.866666666666667,0.0,0.0,0.0,,,,off,TE,Y
0,0,1008,Y,51,AFTER_SNAP,1.1,,OFF,right,49.3,21.866666666666667,0.0,0.0,0.0,,,,off,TE,Y
0,0,1008,Y,52,AFTER_SNAP,1.2,,OFF,right,49.3,21.866666666666667,0.0,0.0,0.0,,,,off,TE,Y
0,0,1008,Y,53,AFTER_SNAP,1.3,,OFF,right,49.3,21.866666666666667,0.0,0.0,0.0,,,,off,TE,Y
0,0,1008,Y,54,AFTER_SNAP,1.4,,OFF,right,49.3,21.866666666666667,0.0,0.0,0.0,,,pass_forward,off,TE,Y
0,0,1008,Y,55,AFTER_SNAP,1.5,,OFF,right,49.3,21.866666666666667,0.0,0.0,0.0,,,,off,TE,Y
0,0,1008,Y,56,AFTER_SNAP,1.6,,OFF,right,49.3,21.866666666666667,0.0,0.0,0.0,,,,off,TE,Y
0,0,1008,Y,57,AFTER_SNAP,1.7,,OFF,right,49.3,21.866666666666667,0.0,0.0,0.0,,,,off,TE,Y
0,0,1008,Y,58,AFTER_SNAP,1.8,,OFF,right,49.3,21.866666666666667,0.0,0.0,0.0,,,,off,TE,Y
0,0,1008,Y,59,AFTER_SNAP,1.9,,OFF,right,49.3,21.866666666666667,0.0,0.0,0.0,,,,off,TE,Y
0,0,1008,Y,60,AFTER_SNAP,2.0,,OFF,right,49.3,21.866666666666667,0.0,0.0,0.0,,,,off,TE,Y
0,0,1008,Y,61,AFTER_SNAP,2.1,,OFF,right,49.3,21.866666666666667,0.0,0.0,0.0,,,,off,TE,Y
0,0,1008,Y,62,AFTER_SNAP,2.2,,OFF,right,49.3,21.866666666666667,0.0,0.0,0.0,,,,off,TE,Y
0,0,1008,Y,63,AFTER_SNAP,2.3,,OFF,right,49.3,21.866666666666667,0.0,0.0,0.0,,,,off,TE,Y
0,0,1008,Y,64,AFTER_SNAP,2.4,,OFF,right,49.3,21.866666666666667,0.0,0.0,0.0,,,,off,TE,Y
0,0,1008,Y,65,AFTER_SNAP,2.5,,OFF,right,49.3,21.866666666666667,0.0,0.0,0.0,,,,off,TE,Y
0,0,1008,Y,66,AFTER_SNAP,2.6,,OFF,right,49.3,21.866666666666667,0.0,0.0,0.0,,,,off,TE,Y
0,0,1008,Y,67,AFTER_SNAP,2.7,,OFF,right,49.3,21.866666666666667,0.0,0.0,0.0,,,,off,TE,Y
0,0,1008,Y,68,AFTER_SNAP,2.8,,OFF,right,49.3,21.866666666666667,0.0,0.0,0.0,,,,off,TE,Y
0,0,1008,Y,69,AFTER_SNAP,2.9,,OFF,right,49.3,21.866666666666667,0.0,0.0,0.0,,,,off,TE,Y
0,0,1008,Y,70,AFTER_SNAP,3.0,,OFF,right,49.3,21.866666666666667,0.0,0.0,0.0,,,,off,TE,Y
0,0,1008,Y,71,AFTER_SNAP,3.1,,OFF,right,49.3,21.866666666666667,0.0,0.0,0.0,,,,off,TE,Y
0,0,1008,Y,72,AFTER_SNAP,3.2,,OFF,right,49.3,21.866666666666667,0.0,0.0,0.0,,,,off,TE,Y
0,0,1008,Y,73,AFTER_SNAP,3.3,,OFF,right,49.3,21.866666666666667,0.0,0.0,0.0,,,,off,TE,Y
0,0,1008,Y,74,AFTER_SNAP,3.4,,OFF,right,49.3,21.866666666666667,0.0,0.0,0.0,,,,off,TE,Y
0,0,1008,Y,75,AFTER_SNAP,3.5,,OFF,right,49.3,21.866666666666667,0.0,0.0,0.0,,,,off,TE,Y
0,0,1008,Y,76,AFTER_SNAP,3.6,,OFF,right,49.3,21.866666666666667,0.0,0.0,0.0,,,,off,TE,Y
0,0,1008,Y,77,AFTER_SNAP,3.7,,OFF,right,49.3,21.866666666666667,0.0,0.0,0.0,,,,off,TE,Y
0,0,1008,Y,78,AFTER_SNAP,3.8,,OFF,right,49.3,21.866666666666667,0.0,0.0,0.0,,,,off,TE,Y
0,0,1008,Y,79,AFTER_SNAP,3.9,,OFF,right,49.3,21.866666666666667,0.0,0.0,0.0,,,,off,TE,Y
0,0,1009,H,1,BEFORE_SNAP,-3.9,,OFF,right,48.5,16.666666666666668,0.0,0.0,0.0,,,,off,WR,H
0,0,1009,H,2,BEFORE_SNAP,-3.8,,OFF,right,48.5,16.666666666666668,0.0,0.0,0.0,,,,off,WR,H
0,0,1009,H,3,BEFORE_SNAP,-3.7,,OFF,right,48.5,16.666666666666668,0.0,0.0,0.0,,,,off,WR,H
0,0,1009,H,4,BEFORE_SNAP,-3.6,,OFF,right,48.5,16.666666666666668,0.0,0.0,0.0,,,,off,WR,H
0,0,1009,H,5,BEFORE_SNAP,-3.5,,OFF,right,48.5,16.666666666666668,0.0,0.0,0.0,,,,off,WR,H
0,0,1009,H,6,BEFORE_SNAP,-3.4,,OFF,right,48.5,16.666666666666668,0.0,0.0,0.0,,,,off,WR,H
0,0,1009,H,7,BEFORE_SNAP,-3.3,,OFF,right,48.5,16.666666666666668,0.0,0.0,0.0,,,,off,WR,H
0,0,1009,H,8,BEFORE_SNAP,-3.2,,OFF,right,48.5,16.666666666666668,0.0,0.0,0.0,,,,off,WR,H
0,0,1009,H,9,BEFORE_SNAP,-3.1,,OFF,right,48.5,16.666666666666668,0.0,0.0,0.0,,,,off,WR,H
0,0,1009,H,10,BEFORE_SNAP,-3.0,,OFF,right,48.5,16.666666666666668,0.0,0.0,0.0,,,,off,WR,H
0,0,1009,H,11,BEFORE_SNAP,-2.9,,OFF,right,48.5,16.666666666666668,0.0,0.0,0.0,,,,off,WR,H
0,0,1009,H,12,BEFORE_SNAP,-2.8,,OFF,right,48.5,16.666666666666668,0.0,0.0,0.0,,,,off,WR,H
0,0,1009,H,13,BEFORE_SNAP,-2.7,,OFF,right,48.5,16.666666666666668,0.0,0.0,0.0,,,,off,WR,H
0,0,1009,H,14,BEFORE_SNAP,-2.6,,OFF,right,48.5,16.666666666666668,0.0,0.0,0.0,,,,off,WR,H
0,0,1009,H,15,BEFORE_SNAP,-2.5,,OFF,right,48.5,16.666666666666668,0.0,0.0,0.0,,,,off,WR,H
0,0,1009,H,16,BEFORE_SNAP,-2.4,,OFF,right,48.5,16.666666666666668,0.0,0.0,0.0,,,,off,WR,H
0,0,1009,H,17,BEFORE_SNAP,-2.3,,OFF,right,48.5,16.666666666666668,0.0,0.0,0.0,,,,off,WR,H
0,0,1009,H,18,BEFORE_SNAP,-2.2,,OFF,right,48.5,16.666666666666668,0.0,0.0,0.0,,,,off,WR,H
0,0,1009,H,19,BEFORE_SNAP,-2.1,,OFF,right,48.5,16.666666666666668,0.0,0.0,0.0,,,,off,WR,H
0,0,1009,H,20,BEFORE_SNAP,-2.0,,OFF,right,48.5,16.666666666666668,0.0,0.0,0.0,,,,off,WR,H
0,0,1009,H,21,BEFORE_SNAP,-1.9,,OFF,right,48.5,16.666666666666668,0.0,0.0,0.0,,,,off,WR,H
0,0,1009,H,22,BEFORE_SNAP,-1.8,,OFF,right,48.5,16.666666666666668,0.0,0.0,0.0,,,,off,WR,H
0,0,1009,H,23,BEFORE_SNAP,-1.7,,OFF,right,48.5,16.666666666666668,0.0,0.0,0.0,,,,off,WR,H
0,0,1009,H,24,BEFORE_SNAP,-1.6,,OFF,right,48.5,16.666666666666668,0.0,0.0,0.0,,,,off,WR,H
0,0,1009,H,25,BEFORE_SNAP,-1.5,,OFF,right,48.5,16.666666666666668,0.0,0.0,0.0,,,,off,WR,H
0,0,1009,H,26,BEFORE_SNAP,-1.4,,OFF,right,48.5,16.666666666666668,0.0,0.0,0.0,,,,off,WR,H
0,0,1009,H,27,BEFORE_SNAP,-1.3,,OFF,right,48.5,16.666666666666668,0.0,0.0,0.0,,,,off,WR,H
0,0,1009,H,28,BEFORE_SNAP,-1.2,,OFF,right,48.5,16.666666666666668,0.0,0.0,0.0,,,,off,WR,H
0,0,1009,H,29,BEFORE_SNAP,-1.1,,OFF,right,48.5,16.666666666666668,0.0,0.0,0.0,,,,off,WR,H
0,0,1009,H,30,BEFORE_SNAP,-1.0,,OFF,right,48.5,16.666666666666668,0.0,0.0,0.0,,,,off,WR,H
0,0,1009,H,31,BEFORE_SNAP,-0.9,,OFF,right,48.5,16.666666666666668,0.0,0.0,0.0,,,,off,WR,H
0,0,1009,H,32,BEFORE_SNAP,-0.8,,OFF,right,48.5,16.666666666666668,0.0,0.0,0.0,,,,off,WR,H
0,0,1009,H,33,BEFORE_SNAP,-0.7,,OFF,right,48.5,16.666666666666668,0.0,0.0,0.0,,,,off,WR,H
0,0,1009,H,34,BEFORE_SNAP,-0.6,,OFF,right,48.5,16.666666666666668,0.0,0.0,0.0,,,,off,WR,H
0,0,1009,H,35,BEFORE_SNAP,-0.5,,OFF,right,48.5,16.666666666666668,0.0,0.0,0.0,,,,off,WR,H
0,0,1009,H,36,BEFORE_SNAP,-0.4,,OFF,right,48.5,16.666666666666668,0.0,0.0,0.0,,,,off,WR,H
0,0,1009,H,37,BEFORE_SNAP,-0.3,,OFF,right,48.5,16.666666666666668,0.0,0.0,0.0,,,,off,WR,H
0,0,1009,H,38,BEFORE_SNAP,-0.2,,OFF,right,48.5,16.666666666666668,0.0,0.0,0.0,,,,off,WR,H
0,0,1009,H,39,BEFORE_SNAP,-0.1,,OFF,right,48.5,16.666666666666668,0.0,18.75,0.0,,,,off,WR,H
0,0,1009,H,40,SNAP,0.0,,OFF,right,48.5,16.666666666666668,3.75,37.5,0.375,90.0,90.0,ball_snap,off,WR,H
0,0,1009,H,41,AFTER_SNAP,0.1,,OFF,right,49.25,16.666666666666668,7.5,16.605339059327342,0.75,90.0,90.0,,off,WR,H
0,0,1009,H,42,AFTER_SNAP,0.2,,OFF,right,50.0,16.666666666666668,7.071067811865468,3.496323728161355,0.7071067811865468,81.86989764584405,81.86989764584405,,off,WR,H
0,0,1009,H,43,AFTER_SNAP,0.3,,OFF,right,50.65,16.866666666666667,6.800735254367729,2.1446609406726935,0.6800735254367729,53.972626614896406,53.972626614896406,,off,WR,H
0,0,1009,H,44,AFTER_SNAP,0.4,,OFF,right,51.1,17.46666666666667,7.500000000000007,3.4963237281613235,0.7500000000000008,36.86989764584391,36.86989764584391,,off,WR,H
0,0,1009,H,45,AFTER_SNAP,0.5,,OFF,right,51.55,18.06666666666667,7.499999999999994,3.108624468950439e-14,0.7499999999999992,36.869897645844,36.869897645844,,off,WR,H
0,0,1009,H,46,AFTER_SNAP,0.6,,OFF,right,52.0,18.666666666666668,7.500000000000001,1.7763568394002508e-14,0.7499999999999999,36.86989764584429,36.86989764584429,,off,WR,H
0,0,1009,H,47,AFTER_SNAP,0.7,,OFF,right,52.45,19.266666666666666,7.49999999999999,1.7763568394002498e-14,0.7499999999999992,36.86989764584399,36.86989764584399,,off,WR,H
0,0,1009,H,48,AFTER_SNAP,0.8,,OFF,right,52.9,19.866666666666667,7.500000000000004,9.325873406851312e-14,0.7500000000000007,36.869897645843906,36.869897645843906,,off,WR,H
0,0,1009,H,49,AFTER_SNAP,0.9,,OFF,right,53.35,20.46666666666667,7.500000000000009,7.105427357601003e-14,0.7500000000000007,36.869897645843906,36.869897645843906,,off,WR,H
0,0,1009,H,50,AFTER_SNAP,1.0,,OFF,right,53.8,21.06666666666667,7.49999999999999,3.108624468950437e-14,0.7499999999999992,36.86989764584399,36.86989764584399,,off,WR,H
0,0,1009,H,51,AFTER_SNAP,1.1,,OFF,right,54.25,21.666666666666668,7.500000000000015,1.7763568394002508e-14,0.7500000000000013,36.86989764584421,36.86989764584421,,off,WR,H
0,0,1009,H,52,AFTER_SNAP,1.2,,OFF,right,54.7,22.26666666666667,7.499999999999994,12.500000000000146,0.7499999999999992,36.869897645844,36.869897645844,,off,WR,H
0,0,1009,H,53,AFTER_SNAP,1.3,,OFF,right,55.15,22.866666666666667,4.999999999999987,31.24999999999994,0.49999999999999856,36.86989764584373,36.86989764584373,,off,WR,H
0,0,1009,H,54,AFTER_SNAP,1.4,,OFF,right,55.3,23.06666666666667,1.2500000000000073,24.99999999999994,0.1250000000000007,36.869897645843366,36.869897645843366,pass_forward,off,WR,H
0,0,1009,H,55,AFTER_SNAP,1.5,,OFF,right,55.3,23.06666666666667,0.0,6.250000000000031,0.0,,,,off,WR,H
0,0,1009,H,56,AFTER_SNAP,1.6,,OFF,right,55.3,23.06666666666667,0.0,0.0,0.0,,,,off,WR,H
0,0,1009,H,57,AFTER_SNAP,1.7,,OFF,right,55.3,23.06666666666667,0.0,0.0,0.0,,,,off,WR,H
0,0,1009,H,58,AFTER_SNAP,1.8,,OFF,right,55.3,23.06666666666667,0.0,0.0,0.0,,,,off,WR,H
0,0,1009,H,59,AFTER_SNAP,1.9,,OFF,right,55.3,23.06666666666667,0.0,0.0,0.0,,,,off,WR,H
0,0,1009,H,60,AFTER_SNAP,2.0,,OFF,right,55.3,23.06666666666667,0.0,0.0,0.0,,,,off,WR,H
0,0,1009,H,61,AFTER_SNAP,2.1,,OFF,right,55.3,23.06666666666667,0.0,0.0,0.0,,,,off,WR,H
0,0,1009,H,62,AFTER_SNAP,2.2,,OFF,right,55.3,23.06666666666667,0.0,0.0,0.0,,,,off,WR,H
0,0,1009,H,63,AFTER_SNAP,2.3,,OFF,right,55.3,23.06666666666667,0.0,0.0,0.0,,,,off,WR,H
0,0,1009,H,64,AFTER_SNAP,2.4,,OFF,right,55.3,23.06666666666667,0.0,0.0,0.0,,,,off,WR,H
0,0,1009,H,65,AFTER_SNAP,2.5,,OFF,right,55.3,23.06666666666667,0.0,0.0,0.0,,,,off,WR,H
0,0,1009,H,66,AFTER_SNAP,2.6,,OFF,right,55.3,23.06666666666667,0.0,0.0,0.0,,,,off,WR,H
0,0,1009,H,67,AFTER_SNAP,2.7,,OFF,right,55.3,23.06666666666667,0.0,0.0,0.0,,,,off,WR,H
0,0,1009,H,68,AFTER_SNAP,2.8,,OFF,right,55.3,23.06666666666667,0.0,0.0,0.0,,,,off,WR,H
0,0,1009,H,69,AFTER_SNAP,2.9,,OFF,right,55.3,23.06666666666667,0.0,0.0,0.0,,,,off,WR,H
0,0,1009,H,70,AFTER_SNAP,3.0,,OFF,right,55.3,23.06666666666667,0.0,0.0,0.0,,,,off,WR,H
0,0,1009,H,71,AFTER_SNAP,3.1,,OFF,right,55.3,23.06666666666667,0.0,0.0,0.0,,,,off,WR,H
0,0,1009,H,72,AFTER_SNAP,3.2,,OFF,right,55.3,23.06666666666667,0.0,0.0,0.0,,,,off,WR,H
0,0,1009,H,73,AFTER_SNAP,3.3,,OFF,right,55.3,23.06666666666667,0.0,0.0,0.0,,,,off,WR,H
0,0,1009,H,74,AFTER_SNAP,3.4,,OFF,right,55.3,23.06666666666667,0.0,0.0,0.0,,,,off,WR,H
0,0,1009,H,75,AFTER_SNAP,3.5,,OFF,right,55.3,23.06666666666667,0.0,0.0,0.0,,,,off,WR,H
0,0,1009,H,76,AFTER_SNAP,3.6,,OFF,right,55.3,23.06666666666667,0.0,0.0,0.0,,,,off,WR,H
0,0,1009,H,77,AFTER_SNAP,3.7,,OFF,right,55.3,23.06666666666667,0.0,0.0,0.0,,,,off,WR,H
0,0,1009,H,78,AFTER_SNAP,3.8,,OFF,right,55.3,23.06666666666667,0.0,0.0,0.0,,,,off,WR,H
0,0,1009,H,79,AFTER_SNAP,3.9,,OFF,right,55.3,23.06666666666667,0.0,0.0,0.0,,,,off,WR,H
0,0,1010,Z,1,BEFORE_SNAP,-3.9,,OFF,right,48.5,9.666666666666668,0.0,0.0,0.0,,,,off,WR,Z
0,0,1010,Z,2,BEFORE_SNAP,-3.8,,OFF,right,48.5,9.666666666666668,0.0,0.0,0.0,,,,off,WR,Z
0,0,1010,Z,3,BEFORE_SNAP,-3.7,,OFF,right,48.5,9.666666666666668,0.0,0.0,0.0,,,,off,WR,Z
0,0,1010,Z,4,BEFORE_SNAP,-3.6,,OFF,right,48.5,9.666666666666668,0.0,0.0,0.0,,,,off,WR,Z
0,0,1010,Z,5,BEFORE_SNAP,-3.5,,OFF,right,48.5,9.666666666666668,0.0,0.0,0.0,,,,off,WR,Z
0,0,1010,Z,6,BEFORE_SNAP,-3.4,,OFF,right,48.5,9.666666666666668,0.0,0.0,0.0,,,,off,WR,Z
0,0,1010,Z,7,BEFORE_SNAP,-3.3,,OFF,right,48.5,9.666666666666668,0.0,0.0,0.0,,,,off,WR,Z
0,0,1010,Z,8,BEFORE_SNAP,-3.2,,OFF,right,48.5,9.666666666666668,0.0,0.0,0.0,,,,off,WR,Z
0,0,1010,Z,9,BEFORE_SNAP,-3.1,,OFF,right,48.5,9.666666666666668,0.0,0.0,0.0,,,,off,WR,Z
0,0,1010,Z,10,BEFORE_SNAP,-3.0,,OFF,right,48.5,9.666666666666668,0.0,0.0,0.0,,,,off,WR,Z
0,0,1010,Z,11,BEFORE_SNAP,-2.9,,OFF,right,48.5,9.666666666666668,0.0,0.0,0.0,,,,off,WR,Z
0,0,1010,Z,12,BEFORE_SNAP,-2.8,,OFF,right,48.5,9.666666666666668,0.0,0.0,0.0,,,,off,WR,Z
0,0,1010,Z,13,BEFORE_SNAP,-2.7,,OFF,right,48.5,9.666666666666668,0.0,0.0,0.0,,,,off,WR,Z
0,0,1010,Z,14,BEFORE_SNAP,-2.6,,OFF,right,48.5,9.666666666666668,0.0,0.0,0.0,,,,off,WR,Z
0,0,1010,Z,15,BEFORE_SNAP,-2.5,,OFF,right,48.5,9.666666666666668,0.0,0.0,0.0,,,,off,WR,Z
0,0,1010,Z,16,BEFORE_SNAP,-2.4,,OFF,right,48.5,9.666666666666668,0.0,0.0,0.0,,,,off,WR,Z
0,0,1010,Z,17,BEFORE_SNAP,-2.3,,OFF,right,48.5,9.666666666666668,0.0,0.0,0.0,,,,off,WR,Z
0,0,1010,Z,18,BEFORE_SNAP,-2.2,,OFF,right,48.5,9.666666666666668,0.0,0.0,0.0,,,,off,WR,Z
0,0,1010,Z,19,BEFORE_SNAP,-2.1,,OFF,right,48.5,9.666666666666668,0.0,0.0,0.0,,,,off,WR,Z
0,0,1010,Z,20,BEFORE_SNAP,-2.0,,OFF,right,48.5,9.666666666666668,0.0,0.0,0.0,,,,off,WR,Z
0,0,1010,Z,21,BEFORE_SNAP,-1.9,,OFF,right,48.5,9.666666666666668,0.0,0.0,0.0,,,,off,WR,Z
0,0,1010,Z,22,BEFORE_SNAP,-1.8,,OFF,right,48.5,9.666666666666668,0.0,0.0,0.0,,,,off,WR,Z
0,0,1010,Z,23,BEFORE_SNAP,-1.7,,OFF,right,48.5,9.666666666666668,0.0,0.0,0.0,,,,off,WR,Z
0,0,1010,Z,24,BEFORE_SNAP,-1.6,,OFF,right,48.5,9.666666666666668,0.0,0.0,0.0,,,,off,WR,Z
0,0,1010,Z,25,BEFORE_SNAP,-1.5,,OFF,right,48.5,9.666666666666668,0.0,0.0,0.0,,,,off,WR,Z
0,0,1010,Z,26,BEFORE_SNAP,-1.4,,OFF,right,48.5,9.666666666666668,0.0,0.0,0.0,,,,off,WR,Z
0,0,1010,Z,27,BEFORE_SNAP,-1.3,,OFF,right,48.5,9.666666666666668,0.0,0.0,0.0,,,,off,WR,Z
0,0,1010,Z,28,BEFORE_SNAP,-1.2,,OFF,right,48.5,9.666666666666668,0.0,0.0,0.0,,,,off,WR,Z
0,0,1010,Z,29,BEFORE_SNAP,-1.1,,OFF,right,48.5,9.666666666666668,0.0,0.0,0.0,,,,off,WR,Z
0,0,1010,Z,30,BEFORE_SNAP,-1.0,,OFF,right,48.5,9.666666666666668,0.0,0.0,0.0,,,,off,WR,Z
0,0,1010,Z,31,BEFORE_SNAP,-0.9,,OFF,right,48.5,9.666666666666668,0.0,0.0,0.0,,,,off,WR,Z
0,0,1010,Z,32,BEFORE_SNAP,-0.8,,OFF,right,48.5,9.666666666666668,0.0,0.0,0.0,,,,off,WR,Z
0,0,1010,Z,33,BEFORE_SNAP,-0.7,,OFF,right,48.5,9.666666666666668,0.0,0.0,0.0,,,,off,WR,Z
0,0,1010,Z,34,BEFORE_SNAP,-0.6,,OFF,right,48.5,9.666666666666668,0.0,0.0,0.0,,,,off,WR,Z
0,0,1010,Z,35,BEFORE_SNAP,-0.5,,OFF,right,48.5,9.666666666666668,0.0,0.0,0.0,,,,off,WR,Z
0,0,1010,Z,36,BEFORE_SNAP,-0.4,,OFF,right,48.5,9.666666666666668,0.0,0.0,0.0,,,,off,WR,Z
0,0,1010,Z,37,BEFORE_SNAP,-0.3,,OFF,right,48.5,9.666666666666668,0.0,0.0,0.0,,,,off,WR,Z
0,0,1010,Z,38,BEFORE_SNAP,-0.2,,OFF,right,48.5,9.666666666666668,0.0,0.0,0.0,,,,off,WR,Z
0,0,1010,Z,39,BEFORE_SNAP,-0.1,,OFF,right,48.5,9.666666666666668,0.0,18.75,0.0,,,,off,WR,Z
0,0,1010,Z,40,SNAP,0.0,,OFF,right,48.5,9.666666666666668,3.75,37.5,0.375,90.0,90.0,ball_snap,off,WR,Z
0,0,1010,Z,41,AFTER_SNAP,0.1,,OFF,right,49.25,9.666666666666668,7.5,18.750000000000004,0.75,90.0,90.0,,off,WR,Z
0,0,1010,Z,42,AFTER_SNAP,0.2,,OFF,right,50.0,9.666666666666668,7.500000000000001,0.0,0.75,90.0,90.0,,off,WR,Z
0,0,1010,Z,43,AFTER_SNAP,0.3,,OFF,right,50.75,9.666666666666668,7.5,4.440892098500626e-15,0.75,90.0,90.0,,off,WR,Z
0,0,1010,Z,44,AFTER_SNAP,0.4,,OFF,right,51.5,9.666666666666668,7.5,8.881784197001252e-15,0.75,90.0,90.0,,off,WR,Z
0,0,1010,Z,45,AFTER_SNAP,0.5,,OFF,right,52.25,9.666666666666668,7.500000000000002,8.881784197001254e-15,0.75,90.0,90.0,,off,WR,Z
0,0,1010,Z,46,AFTER_SNAP,0.6,,OFF,right,53.0,9.666666666666668,7.500000000000002,2.2204460492503137e-14,0.75,90.0,90.0,,off,WR,Z
0,0,1010,Z,47,AFTER_SNAP,0.7,,OFF,right,53.75,9.666666666666668,7.499999999999997,2.2204460492503124e-14,0.75,90.0,90.0,,off,WR,Z
0,0,1010,Z,48,AFTER_SNAP,0.8,,OFF,right,54.5,9.666666666666668,7.499999999999997,2.2204460492503124e-14,0.75,90.0,90.0,,off,WR,Z
0,0,1010,Z,49,AFTER_SNAP,0.9,,OFF,right,55.25,9.666666666666668,7.500000000000002,0.0,0.75,90.0,90.0,,off,WR,Z
0,0,1010,Z,50,AFTER_SNAP,1.0,,OFF,right,56.0,9.666666666666668,7.499999999999997,0.0,0.75,90.0,90.0,,off,WR,Z
0,0,1010,Z,51,AFTER_SNAP,1.1,,OFF,right,56.75,9.666666666666668,7.500000000000002,2.2204460492503137e-14,0.75,90.0,90.0,,off,WR,Z
0,0,1010,Z,52,AFTER_SNAP,1.2,,OFF,right,57.5,9.666666666666668,7.500000000000002,0.0,0.75,90.0,90.0,,off,WR,Z
0,0,1010,Z,53,AFTER_SNAP,1.3,,OFF,right,58.25,9.666666666666668,7.500000000000002,0.0,0.75,90.0,90.0,,off,WR,Z
0,0,1010,Z,54,AFTER_SNAP,1.4,,OFF,right,59.0,9.666666666666668,7.500000000000002,3.996802888650564e-14,0.75,90.0,90.0,pass_forward,off,WR,Z
0,0,1010,Z,55,AFTER_SNAP,1.5,,OFF,right,59.75,9.666666666666668,7.499999999999994,0.0,0.75,90.0,90.0,,off,WR,Z
0,0,1010,Z,56,AFTER_SNAP,1.6,,OFF,right,60.5,9.666666666666668,7.500000000000002,3.996802888650564e-14,0.75,90.0,90.0,,off,WR,Z
0,0,1010,Z,57,AFTER_SNAP,1.7,,OFF,right,61.25,9.666666666666668,7.500000000000002,0.0,0.75,90.0,90.0,,off,WR,Z
0,0,1010,Z,58,AFTER_SNAP,1.8,,OFF,right,62.0,9.666666666666668,7.500000000000002,0.0,0.75,90.0,90.0,,off,WR,Z
0,0,1010,Z,59,AFTER_SNAP,1.9,,OFF,right,62.75,9.666666666666668,7.500000000000002,3.996802888650564e-14,0.75,90.0,90.0,,off,WR,Z
0,0,1010,Z,60,AFTER_SNAP,2.0,,OFF,right,63.5,9.666666666666668,7.499999999999994,3.99680288865056e-14,0.75,90.0,90.0,,off,WR,Z
0,0,1010,Z,61,AFTER_SNAP,2.1,,OFF,right,64.25,9.666666666666668,7.499999999999994,7.99360577730112e-14,0.75,90.0,90.0,,off,WR,Z
0,0,1010,Z,62,AFTER_SNAP,2.2,,OFF,right,65.0,9.666666666666668,7.50000000000001,7.993605777301137e-14,0.75,90.0,90.0,,off,WR,Z
0,0,1010,Z,63,AFTER_SNAP,2.3,,OFF,right,65.75,9.666666666666668,7.50000000000001,7.993605777301137e-14,0.75,90.0,90.0,,off,WR,Z
0,0,1010,Z,64,AFTER_SNAP,2.4,,OFF,right,66.5,9.666666666666668,7.499999999999994,7.99360577730112e-14,0.75,90.0,90.0,,off,WR,Z
0,0,1010,Z,65,AFTER_SNAP,2.5,,OFF,right,67.25,9.666666666666668,7.499999999999994,0.0,0.75,90.0,90.0,,off,WR,Z
0,0,1010,Z,66,AFTER_SNAP,2.6,,OFF,right,68.0,9.666666666666668,7.499999999999994,7.99360577730112e-14,0.75,90.0,90.0,,off,WR,Z
0,0,1010,Z,67,AFTER_SNAP,2.7,,OFF,right,68.75,9.666666666666668,7.50000000000001,7.993605777301137e-14,0.75,90.0,90.0,,off,WR,Z
0,0,1010,Z,68,AFTER_SNAP,2.8,,OFF,right,69.5,9.666666666666668,7.50000000000001,7.993605777301137e-14,0.75,90.0,90.0,,off,WR,Z
0,0,1010,Z,69,AFTER_SNAP,2.9,,OFF,right,70.25,9.666666666666668,7.499999999999994,7.99360577730112e-14,0.75,90.0,90.0,,off,WR,Z
0,0,1010,Z,70,AFTER_SNAP,3.0,,OFF,right,71.0,9.666666666666668,7.499999999999994,0.0,0.75,90.0,90.0,,off,WR,Z
0,0,1010,Z,71,AFTER_SNAP,3.1,,OFF,right,71.75,9.666666666666668,7.499999999999994,7.99360577730112e-14,0.75,90.0,90.0,,off,WR,Z
0,0,1010,Z,72,AFTER_SNAP,3.2,,OFF,right,72.5,9.666666666666668,7.50000000000001,12.49999999999995,0.75,90.0,90.0,,off,WR,Z
0,0,1010,Z,73,AFTER_SNAP,3.3,,OFF,right,73.25,9.666666666666668,5.000000000000007,31.250000000000096,0.5,90.0,90.0,,off,WR,Z
0,0,1010,Z,74,AFTER_SNAP,3.4,,OFF,right,73.5,9.666666666666668,1.249999999999999,25.000000000000014,0.125,90.0,90.0,,off,WR,Z
0,0,1010,Z,75,AFTER_SNAP,3.5,,OFF,right,73.5,9.666666666666668,0.0,6.249999999999989,0.0,,,,off,WR,Z
0,0,1010,Z,76,AFTER_SNAP,3.6,,OFF,right,73.5,9.666666666666668,0.0,0.0,0.0,,,,off,WR,Z
0,0,1010,Z,77,AFTER_SNAP,3.7,,OFF,right,73.5,9.666666666666668,0.0,0.0,0.0,,,,off,WR,Z
0,0,1010,Z,78,AFTER_SNAP,3.8,,OFF,right,73.5,9.666666666666668,0.0,0.0,0.0,,,,off,WR,Z
0,0,1010,Z,79,AFTER_SNAP,3.9,,OFF,right,73.5,9.666666666666668,0.0,0.0,0.0,,,,off,WR,Z
0,0,1011,SDE,1,BEFORE_SNAP,-3.9,,DEF,right,51.0,22.46666666666667,0.0,0.0,0.0,,,,def,DE,E
0,0,1011,SDE,2,BEFORE_SNAP,-3.8,,DEF,right,51.0,22.46666666666667,0.0,0.0,0.0,,,,def,DE,E
0,0,1011,SDE,3,BEFORE_SNAP,-3.7,,DEF,right,51.0,22.46666666666667,0.0,0.0,0.0,,,,def,DE,E
0,0,1011,SDE,4,BEFORE_SNAP,-3.6,,DEF,right,51.0,22.46666666666667,0.0,0.0,0.0,,,,def,DE,E
0,0,1011,SDE,5,BEFORE_SNAP,-3.5,,DEF,right,51.0,22.46666666666667,0.0,0.0,0.0,,,,def,DE,E
0,0,1011,SDE,6,BEFORE_SNAP,-3.4,,DEF,right,51.0,22.46666666666667,0.0,0.0,0.0,,,,def,DE,E
0,0,1011,SDE,7,BEFORE_SNAP,-3.3,,DEF,right,51.0,22.46666666666667,0.0,0.0,0.0,,,,def,DE,E
0,0,1011,SDE,8,BEFORE_SNAP,-3.2,,DEF,right,51.0,22.46666666666667,0.0,0.0,0.0,,,,def,DE,E
0,0,1011,SDE,9,BEFORE_SNAP,-3.1,,DEF,right,51.0,22.46666666666667,0.0,0.0,0.0,,,,def,DE,E
0,0,1011,SDE,10,BEFORE_SNAP,-3.0,,DEF,right,51.0,22.46666666666667,0.0,0.0,0.0,,,,def,DE,E
0,0,1011,SDE,11,BEFORE_SNAP,-2.9,,DEF,right,51.0,22.46666666666667,0.0,0.0,0.0,,,,def,DE,E
0,0,1011,SDE,12,BEFORE_SNAP,-2.8,,DEF,right,51.0,22.46666666666667,0.0,0.0,0.0,,,,def,DE,E
0,0,1011,SDE,13,BEFORE_SNAP,-2.7,,DEF,right,51.0,22.46666666666667,0.0,0.0,0.0,,,,def,DE,E
0,0,1011,SDE,14,BEFORE_SNAP,-2.6,,DEF,right,51.0,22.46666666666667,0.0,0.0,0.0,,,,def,DE,E
0,0,1011,SDE,15,BEFORE_SNAP,-2.5,,DEF,right,51.0,22.46666666666667,0.0,0.0,0.0,,,,def,DE,E
0,0,1011,SDE,16,BEFORE_SNAP,-2.4,,DEF,right,51.0,22.46666666666667,0.0,0.0,0.0,,,,def,DE,E
0,0,1011,SDE,17,BEFORE_SNAP,-2.3,,DEF,right,51.0,22.46666666666667,0.0,0.0,0.0,,,,def,DE,E
0,0,1011,SDE,18,BEFORE_SNAP,-2.2,,DEF,right,51.0,22.46666666666667,0.0,0.0,0.0,,,,def,DE,E
0,0,1011,SDE,19,BEFORE_SNAP,-2.1,,DEF,right,51.0,22.46666666666667,0.0,0.0,0.0,,,,def,DE,E
0,0,1011,SDE,20,BEFORE_SNAP,-2.0,,DEF,right,51.0,22.46666666666667,0.0,0.0,0.0,,,,def,DE,E
0,0,1011,SDE,21,BEFORE_SNAP,-1.9,,DEF,right,51.0,22.46666666666667,0.0,0.0,0.0,,,,def,DE,E
0,0,1011,SDE,22,BEFORE_SNAP,-1.8,,DEF,right,51.0,22.46666666666667,0.0,0.0,0.0,,,,def,DE,E
0,0,1011,SDE,23,BEFORE_SNAP,-1.7,,DEF,right,51.0,22.46666666666667,0.0,0.0,0.0,,,,def,DE,E
0,0,1011,SDE,24,BEFORE_SNAP,-1.6,,DEF,right,51.0,22.46666666666667,0.0,0.0,0.0,,,,def,DE,E
0,0,1011,SDE,25,BEFORE_SNAP,-1.5,,DEF,right,51.0,22.46666666666667,0.0,0.0,0.0,,,,def,DE,E
0,0,1011,SDE,26,BEFORE_SNAP,-1.4,,DEF,right,51.0,22.46666666666667,0.0,0.0,0.0,,,,def,DE,E
0,0,1011,SDE,27,BEFORE_SNAP,-1.3,,DEF,right,51.0,22.46666666666667,0.0,0.0,0.0,,,,def,DE,E
0,0,1011,SDE,28,BEFORE_SNAP,-1.2,,DEF,right,51.0,22.46666666666667,0.0,0.0,0.0,,,,def,DE,E
0,0,1011,SDE,29,BEFORE_SNAP,-1.1,,DEF,right,51.0,22.46666666666667,0.0,0.0,0.0,,,,def,DE,E
0,0,1011,SDE,30,BEFORE_SNAP,-1.0,,DEF,right,51.0,22.46666666666667,0.0,0.0,0.0,,,,def,DE,E
0,0,1011,SDE,31,BEFORE_SNAP,-0.9,,DEF,right,51.0,22.46666666666667,0.0,0.0,0.0,,,,def,DE,E
0,0,1011,SDE,32,BEFORE_SNAP,-0.8,,DEF,right,51.0,22.46666666666667,0.0,0.0,0.0,,,,def,DE,E
0,0,1011,SDE,33,BEFORE_SNAP,-0.7,,DEF,right,51.0,22.46666666666667,0.0,0.0,0.0,,,,def,DE,E
0,0,1011,SDE,34,BEFORE_SNAP,-0.6,,DEF,right,51.0,22.46666666666667,0.0,0.0,0.0,,,,def,DE,E
0,0,1011,SDE,35,BEFORE_SNAP,-0.5,,DEF,right,51.0,22.46666666666667,0.0,0.0,0.0,,,,def,DE,E
0,0,1011,SDE,36,BEFORE_SNAP,-0.4,,DEF,right,51.0,22.46666666666667,0.0,0.0,0.0,,,,def,DE,E
0,0,1011,SDE,37,BEFORE_SNAP,-0.3,,DEF,right,51.0,22.46666666666667,0.0,0.0,0.0,,,,def,DE,E
0,0,1011,SDE,38,BEFORE_SNAP,-0.2,,DEF,right,51.0,22.46666666666667,0.0,0.0,0.0,,,,def,DE,E
0,0,1011,SDE,39,BEFORE_SNAP,-0.1,,DEF,right,51.0,22.46666666666667,0.0,0.0,0.0,,,,def,DE,E
0,0,1011,SDE,40,SNAP,0.0,,DEF,right,51.0,22.46666666666667,0.0,0.0,0.0,,,ball_snap,def,DE,E
0,0,1011,SDE,41,AFTER_SNAP,0.1,,DEF,right,51.0,22.46666666666667,0.0,0.0,0.0,,,,def,DE,E
0,0,1011,SDE,42,AFTER_SNAP,0.2,,DEF,right,51.0,22.46666666666667,0.0,0.0,0.0,,,,def,DE,E
0,0,1011,SDE,43,AFTER_SNAP,0.3,,DEF,right,51.0,22.46666666666667,0.0,0.0,0.0,,,,def,DE,E
0,0,1011,SDE,44,AFTER_SNAP,0.4,,DEF,right,51.0,22.46666666666667,0.0,0.0,0.0,,,,def,DE,E
0,0,1011,SDE,45,AFTER_SNAP,0.5,,DEF,right,51.0,22.46666666666667,0.0,0.0,0.0,,,,def,DE,E
0,0,1011,SDE,46,AFTER_SNAP,0.6,,DEF,right,51.0,22.46666666666667,0.0,0.0,0.0,,,,def,DE,E
0,0,1011,SDE,47,AFTER_SNAP,0.7,,DEF,right,51.0,22.46666666666667,0.0,0.0,0.0,,,,def,DE,E
0,0,1011,SDE,48,AFTER_SNAP,0.8,,DEF,right,51.0,22.46666666666667,0.0,0.0,0.0,,,,def,DE,E
0,0,1011,SDE,49,AFTER_SNAP,0.9,,DEF,right,51.0,22.46666666666667,0.0,0.0,0.0,,,,def,DE,E
0,0,1011,SDE,50,AFTER_SNAP,1.0,,DEF,right,51.0,22.46666666666667,0.0,0.0,0.0,,,,def,DE,E
0,0,1011,SDE,51,AFTER_SNAP,1.1,,DEF,right,51.0,22.46666666666667,0.0,0.0,0.0,,,,def,DE,E
0,0,1011,SDE,52,AFTER_SNAP,1.2,,DEF,right,51.0,22.46666666666667,0.0,0.0,0.0,,,,def,DE,E
0,0,1011,SDE,53,AFTER_SNAP,1.3,,DEF,right,51.0,22.46666666666667,0.0,0.0,0.0,,,,def,DE,E
0,0,1011,SDE,54,AFTER_SNAP,1.4,,DEF,right,51.0,22.46666666666667,0.0,0.0,0.0,,,pass_forward,def,DE,E
0,0,1011,SDE,55,AFTER_SNAP,1.5,,DEF,right,51.0,22.46666666666667,0.0,0.0,0.0,,,,def,DE,E
0,0,1011,SDE,56,AFTER_SNAP,1.6,,DEF,right,51.0,22.46666666666667,0.0,0.0,0.0,,,,def,DE,E
0,0,1011,SDE,57,AFTER_SNAP,1.7,,DEF,right,51.0,22.46666666666667,0.0,0.0,0.0,,,,def,DE,E
0,0,1011,SDE,58,AFTER_SNAP,1.8,,DEF,right,51.0,22.46666666666667,0.0,0.0,0.0,,,,def,DE,E
0,0,1011,SDE,59,AFTER_SNAP,1.9,,DEF,right,51.0,22.46666666666667,0.0,0.0,0.0,,,,def,DE,E
0,0,1011,SDE,60,AFTER_SNAP,2.0,,DEF,right,51.0,22.46666666666667,0.0,0.0,0.0,,,,def,DE,E
0,0,1011,SDE,61,AFTER_SNAP,2.1,,DEF,right,51.0,22.46666666666667,0.0,0.0,0.0,,,,def,DE,E
0,0,1011,SDE,62,AFTER_SNAP,2.2,,DEF,right,51.0,22.46666666666667,0.0,0.0,0.0,,,,def,DE,E
0,0,1011,SDE,63,AFTER_SNAP,2.3,,DEF,right,51.0,22.46666666666667,0.0,0.0,0.0,,,,def,DE,E
0,0,1011,SDE,64,AFTER_SNAP,2.4,,DEF,right,51.0,22.46666666666667,0.0,0.0,0.0,,,,def,DE,E
0,0,1011,SDE,65,AFTER_SNAP,2.5,,DEF,right,51.0,22.46666666666667,0.0,0.0,0.0,,,,def,DE,E
0,0,1011,SDE,66,AFTER_SNAP,2.6,,DEF,right,51.0,22.46666666666667,0.0,0.0,0.0,,,,def,DE,E
0,0,1011,SDE,67,AFTER_SNAP,2.7,,DEF,right,51.0,22.46666666666667,0.0,0.0,0.0,,,,def,DE,E
0,0,1011,SDE,68,AFTER_SNAP,2.8,,DEF,right,51.0,22.46666666666667,0.0,0.0,0.0,,,,def,DE,E
0,0,1011,SDE,69,AFTER_SNAP,2.9,,DEF,right,51.0,22.46666666666667,0.0,0.0,0.0,,,,def,DE,E
0,0,1011,SDE,70,AFTER_SNAP,3.0,,DEF,right,51.0,22.46666666666667,0.0,0.0,0.0,,,,def,DE,E
0,0,1011,SDE,71,AFTER_SNAP,3.1,,DEF,right,51.0,22.46666666666667,0.0,0.0,0.0,,,,def,DE,E
0,0,1011,SDE,72,AFTER_SNAP,3.2,,DEF,right,51.0,22.46666666666667,0.0,0.0,0.0,,,,def,DE,E
0,0,1011,SDE,73,AFTER_SNAP,3.3,,DEF,right,51.0,22.46666666666667,0.0,0.0,0.0,,,,def,DE,E
0,0,1011,SDE,74,AFTER_SNAP,3.4,,DEF,right,51.0,22.46666666666667,0.0,0.0,0.0,,,,def,DE,E
0,0,1011,SDE,75,AFTER_SNAP,3.5,,DEF,right,51.0,22.46666666666667,0.0,0.0,0.0,,,,def,DE,E
0,0,1011,SDE,76,AFTER_SNAP,3.6,,DEF,right,51.0,22.46666666666667,0.0,0.0,0.0,,,,def,DE,E
0,0,1011,SDE,77,AFTER_SNAP,3.7,,DEF,right,51.0,22.46666666666667,0.0,0.0,0.0,,,,def,DE,E
0,0,1011,SDE,78,AFTER_SNAP,3.8,,DEF,right,51.0,22.46666666666667,0.0,0.0,0.0,,,,def,DE,E
0,0,1011,SDE,79,AFTER_SNAP,3.9,,DEF,right,51.0,22.46666666666667,0.0,0.0,0.0,,,,def,DE,E
0,0,1012,SDT,1,BEFORE_SNAP,-3.9,,DEF,right,51.0,24.316666666666666,0.0,0.0,0.0,,,,def,DT,T
0,0,1012,SDT,2,BEFORE_SNAP,-3.8,,DEF,right,51.0,24.316666666666666,0.0,0.0,0.0,,,,def,DT,T
0,0,1012,SDT,3,BEFORE_SNAP,-3.7,,DEF,right,51.0,24.316666666666666,0.0,0.0,0.0,,,,def,DT,T
0,0,1012,SDT,4,BEFORE_SNAP,-3.6,,DEF,right,51.0,24.316666666666666,0.0,0.0,0.0,,,,def,DT,T
0,0,1012,SDT,5,BEFORE_SNAP,-3.5,,DEF,right,51.0,24.316666666666666,0.0,0.0,0.0,,,,def,DT,T
0,0,1012,SDT,6,BEFORE_SNAP,-3.4,,DEF,right,51.0,24.316666666666666,0.0,0.0,0.0,,,,def,DT,T
0,0,1012,SDT,7,BEFORE_SNAP,-3.3,,DEF,right,51.0,24.316666666666666,0.0,0.0,0.0,,,,def,DT,T
0,0,1012,SDT,8,BEFORE_SNAP,-3.2,,DEF,right,51.0,24.316666666666666,0.0,0.0,0.0,,,,def,DT,T
0,0,1012,SDT,9,BEFORE_SNAP,-3.1,,DEF,right,51.0,24.316666666666666,0.0,0.0,0.0,,,,def,DT,T
0,0,1012,SDT,10,BEFORE_SNAP,-3.0,,DEF,right,51.0,24.316666666666666,0.0,0.0,0.0,,,,def,DT,T
0,0,1012,SDT,11,BEFORE_SNAP,-2.9,,DEF,right,51.0,24.316666666666666,0.0,0.0,0.0,,,,def,DT,T
0,0,1012,SDT,12,BEFORE_SNAP,-2.8,,DEF,right,51.0,24.316666666666666,0.0,0.0,0.0,,,,def,DT,T
0,0,1012,SDT,13,BEFORE_SNAP,-2.7,,DEF,right,51.0,24.316666666666666,0.0,0.0,0.0,,,,def,DT,T
0,0,1012,SDT,14,BEFORE_SNAP,-2.6,,DEF,right,51.0,24.316666666666666,0.0,0.0,0.0,,,,def,DT,T
0,0,1012,SDT,15,BEFORE_SNAP,-2.5,,DEF,right,51.0,24.316666666666666,0.0,0.0,0.0,,,,def,DT,T
0,0,1012,SDT,16,BEFORE_SNAP,-2.4,,DEF,right,51.0,24.316666666666666,0.0,0.0,0.0,,,,def,DT,T
0,0,1012,SDT,17,BEFORE_SNAP,-2.3,,DEF,right,51.0,24.316666666666666,0.0,0.0,0.0,,,,def,DT,T
0,0,1012,SDT,18,BEFORE_SNAP,-2.2,,DEF,right,51.0,24.316666666666666,0.0,0.0,0.0,,,,def,DT,T
0,0,1012,SDT,19,BEFORE_SNAP,-2.1,,DEF,right,51.0,24.316666666666666,0.0,0.0,0.0,,,,def,DT,T
0,0,1012,SDT,20,BEFORE_SNAP,-2.0,,DEF,right,51.0,24.316666666666666,0.0,0.0,0.0,,,,def,DT,T
0,0,1012,SDT,21,BEFORE_SNAP,-1.9,,DEF,right,51.0,24.316666666666666,0.0,0.0,0.0,,,,def,DT,T
0,0,1012,SDT,22,BEFORE_SNAP,-1.8,,DEF,right,51.0,24.316666666666666,0.0,0.0,0.0,,,,def,DT,T
0,0,1012,SDT,23,BEFORE_SNAP,-1.7,,DEF,right,51.0,24.316666666666666,0.0,0.0,0.0,,,,def,DT,T
0,0,1012,SDT,24,BEFORE_SNAP,-1.6,,DEF,right,51.0,24.316666666666666,0.0,0.0,0.0,,,,def,DT,T
0,0,1012,SDT,25,BEFORE_SNAP,-1.5,,DEF,right,51.0,24.316666666666666,0.0,0.0,0.0,,,,def,DT,T
0,0,1012,SDT,26,BEFORE_SNAP,-1.4,,DEF,right,51.0,24.316666666666666,0.0,0.0,0.0,,,,def,DT,T
0,0,1012,SDT,27,BEFORE_SNAP,-1.3,,DEF,right,51.0,24.316666666666666,0.0,0.0,0.0,,,,def,DT,T
0,0,1012,SDT,28,BEFORE_SNAP,-1.2,,DEF,right,51.0,24.316666666666666,0.0,0.0,0.0,,,,def,DT,T
0,0,1012,SDT,29,BEFORE_SNAP,-1.1,,DEF,right,51.0,24.316666666666666,0.0,0.0,0.0,,,,def,DT,T
0,0,1012,SDT,30,BEFORE_SNAP,-1.0,,DEF,right,51.0,24.316666666666666,0.0,0.0,0.0,,,,def,DT,T
0,0,1012,SDT,31,BEFORE_SNAP,-0.9,,DEF,right,51.0,24.316666666666666,0.0,0.0,0.0,,,,def,DT,T
0,0,1012,SDT,32,BEFORE_SNAP,-0.8,,DEF,right,51.0,24.316666666666666,0.0,0.0,0.0,,,,def,DT,T
0,0,1012,SDT,33,BEFORE_SNAP,-0.7,,DEF,right,51.0,24.316666666666666,0.0,0.0,0.0,,,,def,DT,T
0,0,1012,SDT,34,BEFORE_SNAP,-0.6,,DEF,right,51.0,24.316666666666666,0.0,0.0,0.0,,,,def,DT,T
0,0,1012,SDT,35,BEFORE_SNAP,-0.5,,DEF,right,51.0,24.316666666666666,0.0,0.0,0.0,,,,def,DT,T
0,0,1012,SDT,36,BEFORE_SNAP,-0.4,,DEF,right,51.0,24.316666666666666,0.0,0.0,0.0,,,,def,DT,T
0,0,1012,SDT,37,BEFORE_SNAP,-0.3,,DEF,right,51.0,24.316666666666666,0.0,0.0,0.0,,,,def,DT,T
0,0,1012,SDT,38,BEFORE_SNAP,-0.2,,DEF,right,51.0,24.316666666666666,0.0,0.0,0.0,,,,def,DT,T
0,0,1012,SDT,39,BEFORE_SNAP,-0.1,,DEF,right,51.0,24.316666666666666,0.0,0.0,0.0,,,,def,DT,T
0,0,1012,SDT,40,SNAP,0.0,,DEF,right,51.0,24.316666666666666,0.0,0.0,0.0,,,ball_snap,def,DT,T
0,0,1012,SDT,41,AFTER_SNAP,0.1,,DEF,right,51.0,24.316666666666666,0.0,0.0,0.0,,,,def,DT,T
0,0,1012,SDT,42,AFTER_SNAP,0.2,,DEF,right,51.0,24.316666666666666,0.0,0.0,0.0,,,,def,DT,T
0,0,1012,SDT,43,AFTER_SNAP,0.3,,DEF,right,51.0,24.316666666666666,0.0,0.0,0.0,,,,def,DT,T
0,0,1012,SDT,44,AFTER_SNAP,0.4,,DEF,right,51.0,24.316666666666666,0.0,0.0,0.0,,,,def,DT,T
0,0,1012,SDT,45,AFTER_SNAP,0.5,,DEF,right,51.0,24.316666666666666,0.0,0.0,0.0,,,,def,DT,T
0,0,1012,SDT,46,AFTER_SNAP,0.6,,DEF,right,51.0,24.316666666666666,0.0,0.0,0.0,,,,def,DT,T
0,0,1012,SDT,47,AFTER_SNAP,0.7,,DEF,right,51.0,24.316666666666666,0.0,0.0,0.0,,,,def,DT,T
0,0,1012,SDT,48,AFTER_SNAP,0.8,,DEF,right,51.0,24.316666666666666,0.0,0.0,0.0,,,,def,DT,T
0,0,1012,SDT,49,AFTER_SNAP,0.9,,DEF,right,51.0,24.316666666666666,0.0,0.0,0.0,,,,def,DT,T
0,0,1012,SDT,50,AFTER_SNAP,1.0,,DEF,right,51.0,24.316666666666666,0.0,0.0,0.0,,,,def,DT,T
0,0,1012,SDT,51,AFTER_SNAP,1.1,,DEF,right,51.0,24.316666666666666,0.0,0.0,0.0,,,,def,DT,T
0,0,1012,SDT,52,AFTER_SNAP,1.2,,DEF,right,51.0,24.316666666666666,0.0,0.0,0.0,,,,def,DT,T
0,0,1012,SDT,53,AFTER_SNAP,1.3,,DEF,right,51.0,24.316666666666666,0.0,0.0,0.0,,,,def,DT,T
0,0,1012,SDT,54,AFTER_SNAP,1.4,,DEF,right,51.0,24.316666666666666,0.0,0.0,0.0,,,pass_forward,def,DT,T
0,0,1012,SDT,55,AFTER_SNAP,1.5,,DEF,right,51.0,24.316666666666666,0.0,0.0,0.0,,,,def,DT,T
0,0,1012,SDT,56,AFTER_SNAP,1.6,,DEF,right,51.0,24.316666666666666,0.0,0.0,0.0,,,,def,DT,T
0,0,1012,SDT,57,AFTER_SNAP,1.7,,DEF,right,51.0,24.316666666666666,0.0,0.0,0.0,,,,def,DT,T
0,0,1012,SDT,58,AFTER_SNAP,1.8,,DEF,right,51.0,24.316666666666666,0.0,0.0,0.0,,,,def,DT,T
0,0,1012,SDT,59,AFTER_SNAP,1.9,,DEF,right,51.0,24.316666666666666,0.0,0.0,0.0,,,,def,DT,T
0,0,1012,SDT,60,AFTER_SNAP,2.0,,DEF,right,51.0,24.316666666666666,0.0,0.0,0.0,,,,def,DT,T
0,0,1012,SDT,61,AFTER_SNAP,2.1,,DEF,right,51.0,24.316666666666666,0.0,0.0,0.0,,,,def,DT,T
0,0,1012,SDT,62,AFTER_SNAP,2.2,,DEF,right,51.0,24.316666666666666,0.0,0.0,0.0,,,,def,DT,T
0,0,1012,SDT,63,AFTER_SNAP,2.3,,DEF,right,51.0,24.316666666666666,0.0,0.0,0.0,,,,def,DT,T
0,0,1012,SDT,64,AFTER_SNAP,2.4,,DEF,right,51.0,24.316666666666666,0.0,0.0,0.0,,,,def,DT,T
0,0,1012,SDT,65,AFTER_SNAP,2.5,,DEF,right,51.0,24.316666666666666,0.0,0.0,0.0,,,,def,DT,T
0,0,1012,SDT,66,AFTER_SNAP,2.6,,DEF,right,51.0,24.316666666666666,0.0,0.0,0.0,,,,def,DT,T
0,0,1012,SDT,67,AFTER_SNAP,2.7,,DEF,right,51.0,24.316666666666666,0.0,0.0,0.0,,,,def,DT,T
0,0,1012,SDT,68,AFTER_SNAP,2.8,,DEF,right,51.0,24.316666666666666,0.0,0.0,0.0,,,,def,DT,T
0,0,1012,SDT,69,AFTER_SNAP,2.9,,DEF,right,51.0,24.316666666666666,0.0,0.0,0.0,,,,def,DT,T
0,0,1012,SDT,70,AFTER_SNAP,3.0,,DEF,right,51.0,24.316666666666666,0.0,0.0,0.0,,,,def,DT,T
0,0,1012,SDT,71,AFTER_SNAP,3.1,,DEF,right,51.0,24.316666666666666,0.0,0.0,0.0,,,,def,DT,T
0,0,1012,SDT,72,AFTER_SNAP,3.2,,DEF,right,51.0,24.316666666666666,0.0,0.0,0.0,,,,def,DT,T
0,0,1012,SDT,73,AFTER_SNAP,3.3,,DEF,right,51.0,24.316666666666666,0.0,0.0,0.0,,,,def,DT,T
0,0,1012,SDT,74,AFTER_SNAP,3.4,,DEF,right,51.0,24.316666666666666,0.0,0.0,0.0,,,,def,DT,T
0,0,1012,SDT,75,AFTER_SNAP,3.5,,DEF,right,51.0,24.316666666666666,0.0,0.0,0.0,,,,def,DT,T
0,0,1012,SDT,76,AFTER_SNAP,3.6,,DEF,right,51.0,24.316666666666666,0.0,0.0,0.0,,,,def,DT,T
0,0,1012,SDT,77,AFTER_SNAP,3.7,,DEF,right,51.0,24.316666666666666,0.0,0.0,0.0,,,,def,DT,T
0,0,1012,SDT,78,AFTER_SNAP,3.8,,DEF,right,51.0,24.316666666666666,0.0,0.0,0.0,,,,def,DT,T
0,0,1012,SDT,79,AFTER_SNAP,3.9,,DEF,right,51.0,24.316666666666666,0.0,0.0,0.0,,,,def,DT,T
0,0,1013,WDT,1,BEFORE_SNAP,-3.9,,DEF,right,51.0,27.366666666666667,0.0,0.0,0.0,,,,def,DT,T
0,0,1013,WDT,2,BEFORE_SNAP,-3.8,,DEF,right,51.0,27.366666666666667,0.0,0.0,0.0,,,,def,DT,T
0,0,1013,WDT,3,BEFORE_SNAP,-3.7,,DEF,right,51.0,27.366666666666667,0.0,0.0,0.0,,,,def,DT,T
0,0,1013,WDT,4,BEFORE_SNAP,-3.6,,DEF,right,51.0,27.366666666666667,0.0,0.0,0.0,,,,def,DT,T
0,0,1013,WDT,5,BEFORE_SNAP,-3.5,,DEF,right,51.0,27.366666666666667,0.0,0.0,0.0,,,,def,DT,T
0,0,1013,WDT,6,BEFORE_SNAP,-3.4,,DEF,right,51.0,27.366666666666667,0.0,0.0,0.0,,,,def,DT,T
0,0,1013,WDT,7,BEFORE_SNAP,-3.3,,DEF,right,51.0,27.366666666666667,0.0,0.0,0.0,,,,def,DT,T
0,0,1013,WDT,8,BEFORE_SNAP,-3.2,,DEF,right,51.0,27.366666666666667,0.0,0.0,0.0,,,,def,DT,T
0,0,1013,WDT,9,BEFORE_SNAP,-3.1,,DEF,right,51.0,27.366666666666667,0.0,0.0,0.0,,,,def,DT,T
0,0,1013,WDT,10,BEFORE_SNAP,-3.0,,DEF,right,51.0,27.366666666666667,0.0,0.0,0.0,,,,def,DT,T
0,0,1013,WDT,11,BEFORE_SNAP,-2.9,,DEF,right,51.0,27.366666666666667,0.0,0.0,0.0,,,,def,DT,T
0,0,1013,WDT,12,BEFORE_SNAP,-2.8,,DEF,right,51.0,27.366666666666667,0.0,0.0,0.0,,,,def,DT,T
0,0,1013,WDT,13,BEFORE_SNAP,-2.7,,DEF,right,51.0,27.366666666666667,0.0,0.0,0.0,,,,def,DT,T
0,0,1013,WDT,14,BEFORE_SNAP,-2.6,,DEF,right,51.0,27.366666666666667,0.0,0.0,0.0,,,,def,DT,T
0,0,1013,WDT,15,BEFORE_SNAP,-2.5,,DEF,right,51.0,27.366666666666667,0.0,0.0,0.0,,,,def,DT,T
0,0,1013,WDT,16,BEFORE_SNAP,-2.4,,DEF,right,51.0,27.366666666666667,0.0,0.0,0.0,,,,def,DT,T
0,0,1013,WDT,17,BEFORE_SNAP,-2.3,,DEF,right,51.0,27.366666666666667,0.0,0.0,0.0,,,,def,DT,T
0,0,1013,WDT,18,BEFORE_SNAP,-2.2,,DEF,right,51.0,27.366666666666667,0.0,0.0,0.0,,,,def,DT,T
0,0,1013,WDT,19,BEFORE_SNAP,-2.1,,DEF,right,51.0,27.366666666666667,0.0,0.0,0.0,,,,def,DT,T
0,0,1013,WDT,20,BEFORE_SNAP,-2.0,,DEF,right,51.0,27.366666666666667,0.0,0.0,0.0,,,,def,DT,T
0,0,1013,WDT,21,BEFORE_SNAP,-1.9,,DEF,right,51.0,27.366666666666667,0.0,0.0,0.0,,,,def,DT,T
0,0,1013,WDT,22,BEFORE_SNAP,-1.8,,DEF,right,51.0,27.366666666666667,0.0,0.0,0.0,,,,def,DT,T
0,0,1013,WDT,23,BEFORE_SNAP,-1.7,,DEF,right,51.0,27.366666666666667,0.0,0.0,0.0,,,,def,DT,T
0,0,1013,WDT,24,BEFORE_SNAP,-1.6,,DEF,right,51.0,27.366666666666667,0.0,0.0,0.0,,,,def,DT,T
0,0,1013,WDT,25,BEFORE_SNAP,-1.5,,DEF,right,51.0,27.366666666666667,0.0,0.0,0.0,,,,def,DT,T
0,0,1013,WDT,26,BEFORE_SNAP,-1.4,,DEF,right,51.0,27.366666666666667,0.0,0.0,0.0,,,,def,DT,T
0,0,1013,WDT,27,BEFORE_SNAP,-1.3,,DEF,right,51.0,27.366666666666667,0.0,0.0,0.0,,,,def,DT,T
0,0,1013,WDT,28,BEFORE_SNAP,-1.2,,DEF,right,51.0,27.366666666666667,0.0,0.0,0.0,,,,def,DT,T
0,0,1013,WDT,29,BEFORE_SNAP,-1.1,,DEF,right,51.0,27.366666666666667,0.0,0.0,0.0,,,,def,DT,T
0,0,1013,WDT,30,BEFORE_SNAP,-1.0,,DEF,right,51.0,27.366666666666667,0.0,0.0,0.0,,,,def,DT,T
0,0,1013,WDT,31,BEFORE_SNAP,-0.9,,DEF,right,51.0,27.366666666666667,0.0,0.0,0.0,,,,def,DT,T
0,0,1013,WDT,32,BEFORE_SNAP,-0.8,,DEF,right,51.0,27.366666666666667,0.0,0.0,0.0,,,,def,DT,T
0,0,1013,WDT,33,BEFORE_SNAP,-0.7,,DEF,right,51.0,27.366666666666667,0.0,0.0,0.0,,,,def,DT,T
0,0,1013,WDT,34,BEFORE_SNAP,-0.6,,DEF,right,51.0,27.366666666666667,0.0,0.0,0.0,,,,def,DT,T
0,0,1013,WDT,35,BEFORE_SNAP,-0.5,,DEF,right,51.0,27.366666666666667,0.0,0.0,0.0,,,,def,DT,T
0,0,1013,WDT,36,BEFORE_SNAP,-0.4,,DEF,right,51.0,27.366666666666667,0.0,0.0,0.0,,,,def,DT,T
0,0,1013,WDT,37,BEFORE_SNAP,-0.3,,DEF,right,51.0,27.366666666666667,0.0,0.0,0.0,,,,def,DT,T
0,0,1013,WDT,38,BEFORE_SNAP,-0.2,,DEF,right,51.0,27.366666666666667,0.0,0.0,0.0,,,,def,DT,T
0,0,1013,WDT,39,BEFORE_SNAP,-0.1,,DEF,right,51.0,27.366666666666667,0.0,0.0,0.0,,,,def,DT,T
0,0,1013,WDT,40,SNAP,0.0,,DEF,right,51.0,27.366666666666667,0.0,0.0,0.0,,,ball_snap,def,DT,T
0,0,1013,WDT,41,AFTER_SNAP,0.1,,DEF,right,51.0,27.366666666666667,0.0,0.0,0.0,,,,def,DT,T
0,0,1013,WDT,42,AFTER_SNAP,0.2,,DEF,right,51.0,27.366666666666667,0.0,0.0,0.0,,,,def,DT,T
0,0,1013,WDT,43,AFTER_SNAP,0.3,,DEF,right,51.0,27.366666666666667,0.0,0.0,0.0,,,,def,DT,T
0,0,1013,WDT,44,AFTER_SNAP,0.4,,DEF,right,51.0,27.366666666666667,0.0,0.0,0.0,,,,def,DT,T
0,0,1013,WDT,45,AFTER_SNAP,0.5,,DEF,right,51.0,27.366666666666667,0.0,0.0,0.0,,,,def,DT,T
0,0,1013,WDT,46,AFTER_SNAP,0.6,,DEF,right,51.0,27.366666666666667,0.0,0.0,0.0,,,,def,DT,T
0,0,1013,WDT,47,AFTER_SNAP,0.7,,DEF,right,51.0,27.366666666666667,0.0,0.0,0.0,,,,def,DT,T
0,0,1013,WDT,48,AFTER_SNAP,0.8,,DEF,right,51.0,27.366666666666667,0.0,0.0,0.0,,,,def,DT,T
0,0,1013,WDT,49,AFTER_SNAP,0.9,,DEF,right,51.0,27.366666666666667,0.0,0.0,0.0,,,,def,DT,T
0,0,1013,WDT,50,AFTER_SNAP,1.0,,DEF,right,51.0,27.366666666666667,0.0,0.0,0.0,,,,def,DT,T
0,0,1013,WDT,51,AFTER_SNAP,1.1,,DEF,right,51.0,27.366666666666667,0.0,0.0,0.0,,,,def,DT,T
0,0,1013,WDT,52,AFTER_SNAP,1.2,,DEF,right,51.0,27.366666666666667,0.0,0.0,0.0,,,,def,DT,T
0,0,1013,WDT,53,AFTER_SNAP,1.3,,DEF,right,51.0,27.366666666666667,0.0,0.0,0.0,,,,def,DT,T
0,0,1013,WDT,54,AFTER_SNAP,1.4,,DEF,right,51.0,27.366666666666667,0.0,0.0,0.0,,,pass_forward,def,DT,T
0,0,1013,WDT,55,AFTER_SNAP,1.5,,DEF,right,51.0,27.366666666666667,0.0,0.0,0.0,,,,def,DT,T
0,0,1013,WDT,56,AFTER_SNAP,1.6,,DEF,right,51.0,27.366666666666667,0.0,0.0,0.0,,,,def,DT,T
0,0,1013,WDT,57,AFTER_SNAP,1.7,,DEF,right,51.0,27.366666666666667,0.0,0.0,0.0,,,,def,DT,T
0,0,1013,WDT,58,AFTER_SNAP,1.8,,DEF,right,51.0,27.366666666666667,0.0,0.0,0.0,,,,def,DT,T
0,0,1013,WDT,59,AFTER_SNAP,1.9,,DEF,right,51.0,27.366666666666667,0.0,0.0,0.0,,,,def,DT,T
0,0,1013,WDT,60,AFTER_SNAP,2.0,,DEF,right,51.0,27.366666666666667,0.0,0.0,0.0,,,,def,DT,T
0,0,1013,WDT,61,AFTER_SNAP,2.1,,DEF,right,51.0,27.366666666666667,0.0,0.0,0.0,,,,def,DT,T
0,0,1013,WDT,62,AFTER_SNAP,2.2,,DEF,right,51.0,27.366666666666667,0.0,0.0,0.0,,,,def,DT,T
0,0,1013,WDT,63,AFTER_SNAP,2.3,,DEF,right,51.0,27.366666666666667,0.0,0.0,0.0,,,,def,DT,T
0,0,1013,WDT,64,AFTER_SNAP,2.4,,DEF,right,51.0,27.366666666666667,0.0,0.0,0.0,,,,def,DT,T
0,0,1013,WDT,65,AFTER_SNAP,2.5,,DEF,right,51.0,27.366666666666667,0.0,0.0,0.0,,,,def,DT,T
0,0,1013,WDT,66,AFTER_SNAP,2.6,,DEF,right,51.0,27.366666666666667,0.0,0.0,0.0,,,,def,DT,T
0,0,1013,WDT,67,AFTER_SNAP,2.7,,DEF,right,51.0,27.366666666666667,0.0,0.0,0.0,,,,def,DT,T
0,0,1013,WDT,68,AFTER_SNAP,2.8,,DEF,right,51.0,27.366666666666667,0.0,0.0,0.0,,,,def,DT,T
0,0,1013,WDT,69,AFTER_SNAP,2.9,,DEF,right,51.0,27.366666666666667,0.0,0.0,0.0,,,,def,DT,T
0,0,1013,WDT,70,AFTER_SNAP,3.0,,DEF,right,51.0,27.366666666666667,0.0,0.0,0.0,,,,def,DT,T
0,0,1013,WDT,71,AFTER_SNAP,3.1,,DEF,right,51.0,27.366666666666667,0.0,0.0,0.0,,,,def,DT,T
0,0,1013,WDT,72,AFTER_SNAP,3.2,,DEF,right,51.0,27.366666666666667,0.0,0.0,0.0,,,,def,DT,T
0,0,1013,WDT,73,AFTER_SNAP,3.3,,DEF,right,51.0,27.366666666666667,0.0,0.0,0.0,,,,def,DT,T
0,0,1013,WDT,74,AFTER_SNAP,3.4,,DEF,right,51.0,27.366666666666667,0.0,0.0,0.0,,,,def,DT,T
0,0,1013,WDT,75,AFTER_SNAP,3.5,,DEF,right,51.0,27.366666666666667,0.0,0.0,0.0,,,,def,DT,T
0,0,1013,WDT,76,AFTER_SNAP,3.6,,DEF,right,51.0,27.366666666666667,0.0,0.0,0.0,,,,def,DT,T
0,0,1013,WDT,77,AFTER_SNAP,3.7,,DEF,right,51.0,27.366666666666667,0.0,0.0,0.0,,,,def,DT,T
0,0,1013,WDT,78,AFTER_SNAP,3.8,,DEF,right,51.0,27.366666666666667,0.0,0.0,0.0,,,,def,DT,T
0,0,1013,WDT,79,AFTER_SNAP,3.9,,DEF,right,51.0,27.366666666666667,0.0,0.0,0.0,,,,def,DT,T
0,0,1014,WDE,1,BEFORE_SNAP,-3.9,,DEF,right,51.0,31.666666666666668,0.0,0.0,0.0,,,,def,DE,E
0,0,1014,WDE,2,BEFORE_SNAP,-3.8,,DEF,right,51.0,31.666666666666668,0.0,0.0,0.0,,,,def,DE,E
0,0,1014,WDE,3,BEFORE_SNAP,-3.7,,DEF,right,51.0,31.666666666666668,0.0,0.0,0.0,,,,def,DE,E
0,0,1014,WDE,4,BEFORE_SNAP,-3.6,,DEF,right,51.0,31.666666666666668,0.0,0.0,0.0,,,,def,DE,E
0,0,1014,WDE,5,BEFORE_SNAP,-3.5,,DEF,right,51.0,31.666666666666668,0.0,0.0,0.0,,,,def,DE,E
0,0,1014,WDE,6,BEFORE_SNAP,-3.4,,DEF,right,51.0,31.666666666666668,0.0,0.0,0.0,,,,def,DE,E
0,0,1014,WDE,7,BEFORE_SNAP,-3.3,,DEF,right,51.0,31.666666666666668,0.0,0.0,0.0,,,,def,DE,E
0,0,1014,WDE,8,BEFORE_SNAP,-3.2,,DEF,right,51.0,31.666666666666668,0.0,0.0,0.0,,,,def,DE,E
0,0,1014,WDE,9,BEFORE_SNAP,-3.1,,DEF,right,51.0,31.666666666666668,0.0,0.0,0.0,,,,def,DE,E
0,0,1014,WDE,10,BEFORE_SNAP,-3.0,,DEF,right,51.0,31.666666666666668,0.0,0.0,0.0,,,,def,DE,E
0,0,1014,WDE,11,BEFORE_SNAP,-2.9,,DEF,right,51.0,31.666666666666668,0.0,0.0,0.0,,,,def,DE,E
0,0,1014,WDE,12,BEFORE_SNAP,-2.8,,DEF,right,51.0,31.666666666666668,0.0,0.0,0.0,,,,def,DE,E
0,0,1014,WDE,13,BEFORE_SNAP,-2.7,,DEF,right,51.0,31.666666666666668,0.0,0.0,0.0,,,,def,DE,E
0,0,1014,WDE,14,BEFORE_SNAP,-2.6,,DEF,right,51.0,31.666666666666668,0.0,0.0,0.0,,,,def,DE,E
0,0,1014,WDE,15,BEFORE_SNAP,-2.5,,DEF,right,51.0,31.666666666666668,0.0,0.0,0.0,,,,def,DE,E
0,0,1014,WDE,16,BEFORE_SNAP,-2.4,,DEF,right,51.0,31.666666666666668,0.0,0.0,0.0,,,,def,DE,E
0,0,1014,WDE,17,BEFORE_SNAP,-2.3,,DEF,right,51.0,31.666666666666668,0.0,0.0,0.0,,,,def,DE,E
0,0,1014,WDE,18,BEFORE_SNAP,-2.2,,DEF,right,51.0,31.666666666666668,0.0,0.0,0.0,,,,def,DE,E
0,0,1014,WDE,19,BEFORE_SNAP,-2.1,,DEF,right,51.0,31.666666666666668,0.0,0.0,0.0,,,,def,DE,E
0,0,1014,WDE,20,BEFORE_SNAP,-2.0,,DEF,right,51.0,31.666666666666668,0.0,0.0,0.0,,,,def,DE,E
0,0,1014,WDE,21,BEFORE_SNAP,-1.9,,DEF,right,51.0,31.666666666666668,0.0,0.0,0.0,,,,def,DE,E
0,0,1014,WDE,22,BEFORE_SNAP,-1.8,,DEF,right,51.0,31.666666666666668,0.0,0.0,0.0,,,,def,DE,E
0,0,1014,WDE,23,BEFORE_SNAP,-1.7,,DEF,right,51.0,31.666666666666668,0.0,0.0,0.0,,,,def,DE,E
0,0,1014,WDE,24,BEFORE_SNAP,-1.6,,DEF,right,51.0,31.666666666666668,0.0,0.0,0.0,,,,def,DE,E
0,0,1014,WDE,25,BEFORE_SNAP,-1.5,,DEF,right,51.0,31.666666666666668,0.0,0.0,0.0,,,,def,DE,E
0,0,1014,WDE,26,BEFORE_SNAP,-1.4,,DEF,right,51.0,31.666666666666668,0.0,0.0,0.0,,,,def,DE,E
0,0,1014,WDE,27,BEFORE_SNAP,-1.3,,DEF,right,51.0,31.666666666666668,0.0,0.0,0.0,,,,def,DE,E
0,0,1014,WDE,28,BEFORE_SNAP,-1.2,,DEF,right,51.0,31.666666666666668,0.0,0.0,0.0,,,,def,DE,E
0,0,1014,WDE,29,BEFORE_SNAP,-1.1,,DEF,right,51.0,31.666666666666668,0.0,0.0,0.0,,,,def,DE,E
0,0,1014,WDE,30,BEFORE_SNAP,-1.0,,DEF,right,51.0,31.666666666666668,0.0,0.0,0.0,,,,def,DE,E
0,0,1014,WDE,31,BEFORE_SNAP,-0.9,,DEF,right,51.0,31.666666666666668,0.0,0.0,0.0,,,,def,DE,E
0,0,1014,WDE,32,BEFORE_SNAP,-0.8,,DEF,right,51.0,31.666666666666668,0.0,0.0,0.0,,,,def,DE,E
0,0,1014,WDE,33,BEFORE_SNAP,-0.7,,DEF,right,51.0,31.666666666666668,0.0,0.0,0.0,,,,def,DE,E
0,0,1014,WDE,34,BEFORE_SNAP,-0.6,,DEF,right,51.0,31.666666666666668,0.0,0.0,0.0,,,,def,DE,E
0,0,1014,WDE,35,BEFORE_SNAP,-0.5,,DEF,right,51.0,31.666666666666668,0.0,0.0,0.0,,,,def,DE,E
0,0,1014,WDE,36,BEFORE_SNAP,-0.4,,DEF,right,51.0,31.666666666666668,0.0,0.0,0.0,,,,def,DE,E
0,0,1014,WDE,37,BEFORE_SNAP,-0.3,,DEF,right,51.0,31.666666666666668,0.0,0.0,0.0,,,,def,DE,E
0,0,1014,WDE,38,BEFORE_SNAP,-0.2,,DEF,right,51.0,31.666666666666668,0.0,0.0,0.0,,,,def,DE,E
0,0,1014,WDE,39,BEFORE_SNAP,-0.1,,DEF,right,51.0,31.666666666666668,0.0,0.0,0.0,,,,def,DE,E
0,0,1014,WDE,40,SNAP,0.0,,DEF,right,51.0,31.666666666666668,0.0,0.0,0.0,,,ball_snap,def,DE,E
0,0,1014,WDE,41,AFTER_SNAP,0.1,,DEF,right,51.0,31.666666666666668,0.0,0.0,0.0,,,,def,DE,E
0,0,1014,WDE,42,AFTER_SNAP,0.2,,DEF,right,51.0,31.666666666666668,0.0,0.0,0.0,,,,def,DE,E
0,0,1014,WDE,43,AFTER_SNAP,0.3,,DEF,right,51.0,31.666666666666668,0.0,0.0,0.0,,,,def,DE,E
0,0,1014,WDE,44,AFTER_SNAP,0.4,,DEF,right,51.0,31.666666666666668,0.0,0.0,0.0,,,,def,DE,E
0,0,1014,WDE,45,AFTER_SNAP,0.5,,DEF,right,51.0,31.666666666666668,0.0,0.0,0.0,,,,def,DE,E
0,0,1014,WDE,46,AFTER_SNAP,0.6,,DEF,right,51.0,31.666666666666668,0.0,0.0,0.0,,,,def,DE,E
0,0,1014,WDE,47,AFTER_SNAP,0.7,,DEF,right,51.0,31.666666666666668,0.0,0.0,0.0,,,,def,DE,E
0,0,1014,WDE,48,AFTER_SNAP,0.8,,DEF,right,51.0,31.666666666666668,0.0,0.0,0.0,,,,def,DE,E
0,0,1014,WDE,49,AFTER_SNAP,0.9,,DEF,right,51.0,31.666666666666668,0.0,0.0,0.0,,,,def,DE,E
0,0,1014,WDE,50,AFTER_SNAP,1.0,,DEF,right,51.0,31.666666666666668,0.0,0.0,0.0,,,,def,DE,E
0,0,1014,WDE,51,AFTER_SNAP,1.1,,DEF,right,51.0,31.666666666666668,0.0,0.0,0.0,,,,def,DE,E
0,0,1014,WDE,52,AFTER_SNAP,1.2,,DEF,right,51.0,31.666666666666668,0.0,0.0,0.0,,,,def,DE,E
0,0,1014,WDE,53,AFTER_SNAP,1.3,,DEF,right,51.0,31.666666666666668,0.0,0.0,0.0,,,,def,DE,E
0,0,1014,WDE,54,AFTER_SNAP,1.4,,DEF,right,51.0,31.666666666666668,0.0,0.0,0.0,,,pass_forward,def,DE,E
0,0,1014,WDE,55,AFTER_SNAP,1.5,,DEF,right,51.0,31.666666666666668,0.0,0.0,0.0,,,,def,DE,E
0,0,1014,WDE,56,AFTER_SNAP,1.6,,DEF,right,51.0,31.666666666666668,0.0,0.0,0.0,,,,def,DE,E
0,0,1014,WDE,57,AFTER_SNAP,1.7,,DEF,right,51.0,31.666666666666668,0.0,0.0,0.0,,,,def,DE,E
0,0,1014,WDE,58,AFTER_SNAP,1.8,,DEF,right,51.0,31.666666666666668,0.0,0.0,0.0,,,,def,DE,E
0,0,1014,WDE,59,AFTER_SNAP,1.9,,DEF,right,51.0,31.666666666666668,0.0,0.0,0.0,,,,def,DE,E
0,0,1014,WDE,60,AFTER_SNAP,2.0,,DEF,right,51.0,31.666666666666668,0.0,0.0,0.0,,,,def,DE,E
0,0,1014,WDE,61,AFTER_SNAP,2.1,,DEF,right,51.0,31.666666666666668,0.0,0.0,0.0,,,,def,DE,E
0,0,1014,WDE,62,AFTER_SNAP,2.2,,DEF,right,51.0,31.666666666666668,0.0,0.0,0.0,,,,def,DE,E
0,0,1014,WDE,63,AFTER_SNAP,2.3,,DEF,right,51.0,31.666666666666668,0.0,0.0,0.0,,,,def,DE,E
0,0,1014,WDE,64,AFTER_SNAP,2.4,,DEF,right,51.0,31.666666666666668,0.0,0.0,0.0,,,,def,DE,E
0,0,1014,WDE,65,AFTER_SNAP,2.5,,DEF,right,51.0,31.666666666666668,0.0,0.0,0.0,,,,def,DE,E
0,0,1014,WDE,66,AFTER_SNAP,2.6,,DEF,right,51.0,31.666666666666668,0.0,0.0,0.0,,,,def,DE,E
0,0,1014,WDE,67,AFTER_SNAP,2.7,,DEF,right,51.0,31.666666666666668,0.0,0.0,0.0,,,,def,DE,E
0,0,1014,WDE,68,AFTER_SNAP,2.8,,DEF,right,51.0,31.666666666666668,0.0,0.0,0.0,,,,def,DE,E
0,0,1014,WDE,69,AFTER_SNAP,2.9,,DEF,right,51.0,31.666666666666668,0.0,0.0,0.0,,,,def,DE,E
0,0,1014,WDE,70,AFTER_SNAP,3.0,,DEF,right,51.0,31.666666666666668,0.0,0.0,0.0,,,,def,DE,E
0,0,1014,WDE,71,AFTER_SNAP,3.1,,DEF,right,51.0,31.666666666666668,0.0,0.0,0.0,,,,def,DE,E
0,0,1014,WDE,72,AFTER_SNAP,3.2,,DEF,right,51.0,31.666666666666668,0.0,0.0,0.0,,,,def,DE,E
0,0,1014,WDE,73,AFTER_SNAP,3.3,,DEF,right,51.0,31.666666666666668,0.0,0.0,0.0,,,,def,DE,E
0,0,1014,WDE,74,AFTER_SNAP,3.4,,DEF,right,51.0,31.666666666666668,0.0,0.0,0.0,,,,def,DE,E
0,0,1014,WDE,75,AFTER_SNAP,3.5,,DEF,right,51.0,31.666666666666668,0.0,0.0,0.0,,,,def,DE,E
0,0,1014,WDE,76,AFTER_SNAP,3.6,,DEF,right,51.0,31.666666666666668,0.0,0.0,0.0,,,,def,DE,E
0,0,1014,WDE,77,AFTER_SNAP,3.7,,DEF,right,51.0,31.666666666666668,0.0,0.0,0.0,,,,def,DE,E
0,0,1014,WDE,78,AFTER_SNAP,3.8,,DEF,right,51.0,31.666666666666668,0.0,0.0,0.0,,,,def,DE,E
0,0,1014,WDE,79,AFTER_SNAP,3.9,,DEF,right,51.0,31.666666666666668,0.0,0.0,0.0,,,,def,DE,E
0,0,1015,MIKE,1,BEFORE_SNAP,-3.9,,DEF,right,54.5,24.866666666666667,0.0,0.0,0.0,,,,def,MIKE,M
0,0,1015,MIKE,2,BEFORE_SNAP,-3.8,,DEF,right,54.5,24.866666666666667,0.0,0.0,0.0,,,,def,MIKE,M
0,0,1015,MIKE,3,BEFORE_SNAP,-3.7,,DEF,right,54.5,24.866666666666667,0.0,0.0,0.0,,,,def,MIKE,M
0,0,1015,MIKE,4,BEFORE_SNAP,-3.6,,DEF,right,54.5,24.866666666666667,0.0,0.0,0.0,,,,def,MIKE,M
0,0,1015,MIKE,5,BEFORE_SNAP,-3.5,,DEF,right,54.5,24.866666666666667,0.0,0.0,0.0,,,,def,MIKE,M
0,0,1015,MIKE,6,BEFORE_SNAP,-3.4,,DEF,right,54.5,24.866666666666667,0.0,0.0,0.0,,,,def,MIKE,M
0,0,1015,MIKE,7,BEFORE_SNAP,-3.3,,DEF,right,54.5,24.866666666666667,0.0,0.0,0.0,,,,def,MIKE,M
0,0,1015,MIKE,8,BEFORE_SNAP,-3.2,,DEF,right,54.5,24.866666666666667,0.0,0.0,0.0,,,,def,MIKE,M
0,0,1015,MIKE,9,BEFORE_SNAP,-3.1,,DEF,right,54.5,24.866666666666667,0.0,0.0,0.0,,,,def,MIKE,M
0,0,1015,MIKE,10,BEFORE_SNAP,-3.0,,DEF,right,54.5,24.866666666666667,0.0,0.0,0.0,,,,def,MIKE,M
0,0,1015,MIKE,11,BEFORE_SNAP,-2.9,,DEF,right,54.5,24.866666666666667,0.0,0.0,0.0,,,,def,MIKE,M
0,0,1015,MIKE,12,BEFORE_SNAP,-2.8,,DEF,right,54.5,24.866666666666667,0.0,0.0,0.0,,,,def,MIKE,M
0,0,1015,MIKE,13,BEFORE_SNAP,-2.7,,DEF,right,54.5,24.866666666666667,0.0,0.0,0.0,,,,def,MIKE,M
0,0,1015,MIKE,14,BEFORE_SNAP,-2.6,,DEF,right,54.5,24.866666666666667,0.0,0.0,0.0,,,,def,MIKE,M
0,0,1015,MIKE,15,BEFORE_SNAP,-2.5,,DEF,right,54.5,24.866666666666667,0.0,0.0,0.0,,,,def,MIKE,M
0,0,1015,MIKE,16,BEFORE_SNAP,-2.4,,DEF,right,54.5,24.866666666666667,0.0,0.0,0.0,,,,def,MIKE,M
0,0,1015,MIKE,17,BEFORE_SNAP,-2.3,,DEF,right,54.5,24.866666666666667,0.0,0.0,0.0,,,,def,MIKE,M
0,0,1015,MIKE,18,BEFORE_SNAP,-2.2,,DEF,right,54.5,24.866666666666667,0.0,0.0,0.0,,,,def,MIKE,M
0,0,1015,MIKE,19,BEFORE_SNAP,-2.1,,DEF,right,54.5,24.866666666666667,0.0,0.0,0.0,,,,def,MIKE,M
0,0,1015,MIKE,20,BEFORE_SNAP,-2.0,,DEF,right,54.5,24.866666666666667,0.0,0.0,0.0,,,,def,MIKE,M
0,0,1015,MIKE,21,BEFORE_SNAP,-1.9,,DEF,right,54.5,24.866666666666667,0.0,0.0,0.0,,,,def,MIKE,M
0,0,1015,MIKE,22,BEFORE_SNAP,-1.8,,DEF,right,54.5,24.866666666666667,0.0,0.0,0.0,,,,def,MIKE,M
0,0,1015,MIKE,23,BEFORE_SNAP,-1.7,,DEF,right,54.5,24.866666666666667,0.0,0.0,0.0,,,,def,MIKE,M
0,0,1015,MIKE,24,BEFORE_SNAP,-1.6,,DEF,right,54.5,24.866666666666667,0.0,0.0,0.0,,,,def,MIKE,M
0,0,1015,MIKE,25,BEFORE_SNAP,-1.5,,DEF,right,54.5,24.866666666666667,0.0,0.0,0.0,,,,def,MIKE,M
0,0,1015,MIKE,26,BEFORE_SNAP,-1.4,,DEF,right,54.5,24.866666666666667,0.0,0.0,0.0,,,,def,MIKE,M
0,0,1015,MIKE,27,BEFORE_SNAP,-1.3,,DEF,right,54.5,24.866666666666667,0.0,0.0,0.0,,,,def,MIKE,M
0,0,1015,MIKE,28,BEFORE_SNAP,-1.2,,DEF,right,54.5,24.866666666666667,0.0,0.0,0.0,,,,def,MIKE,M
0,0,1015,MIKE,29,BEFORE_SNAP,-1.1,,DEF,right,54.5,24.866666666666667,0.0,0.0,0.0,,,,def,MIKE,M
0,0,1015,MIKE,30,BEFORE_SNAP,-1.0,,DEF,right,54.5,24.866666666666667,0.0,0.0,0.0,,,,def,MIKE,M
0,0,1015,MIKE,31,BEFORE_SNAP,-0.9,,DEF,right,54.5,24.866666666666667,0.0,0.0,0.0,,,,def,MIKE,M
0,0,1015,MIKE,32,BEFORE_SNAP,-0.8,,DEF,right,54.5,24.866666666666667,0.0,0.0,0.0,,,,def,MIKE,M
0,0,1015,MIKE,33,BEFORE_SNAP,-0.7,,DEF,right,54.5,24.866666666666667,0.0,0.0,0.0,,,,def,MIKE,M
0,0,1015,MIKE,34,BEFORE_SNAP,-0.6,,DEF,right,54.5,24.866666666666667,0.0,0.0,0.0,,,,def,MIKE,M
0,0,1015,MIKE,35,BEFORE_SNAP,-0.5,,DEF,right,54.5,24.866666666666667,0.0,0.0,0.0,,,,def,MIKE,M
0,0,1015,MIKE,36,BEFORE_SNAP,-0.4,,DEF,right,54.5,24.866666666666667,0.0,0.0,0.0,,,,def,MIKE,M
0,0,1015,MIKE,37,BEFORE_SNAP,-0.3,,DEF,right,54.5,24.866666666666667,0.0,0.0,0.0,,,,def,MIKE,M
0,0,1015,MIKE,38,BEFORE_SNAP,-0.2,,DEF,right,54.5,24.866666666666667,0.0,0.0,0.0,,,,def,MIKE,M
0,0,1015,MIKE,39,BEFORE_SNAP,-0.1,,DEF,right,54.5,24.866666666666667,0.0,0.0,0.0,,,,def,MIKE,M
0,0,1015,MIKE,40,SNAP,0.0,,DEF,right,54.5,24.866666666666667,0.0,0.0,0.0,,,ball_snap,def,MIKE,M
0,0,1015,MIKE,41,AFTER_SNAP,0.1,,DEF,right,54.5,24.866666666666667,0.0,0.0,0.0,,,,def,MIKE,M
0,0,1015,MIKE,42,AFTER_SNAP,0.2,,DEF,right,54.5,24.866666666666667,0.0,0.0,0.0,,,,def,MIKE,M
0,0,1015,MIKE,43,AFTER_SNAP,0.3,,DEF,right,54.5,24.866666666666667,0.0,0.0,0.0,,,,def,MIKE,M
0,0,1015,MIKE,44,AFTER_SNAP,0.4,,DEF,right,54.5,24.866666666666667,0.0,0.0,0.0,,,,def,MIKE,M
0,0,1015,MIKE,45,AFTER_SNAP,0.5,,DEF,right,54.5,24.866666666666667,0.0,0.0,0.0,,,,def,MIKE,M
0,0,1015,MIKE,46,AFTER_SNAP,0.6,,DEF,right,54.5,24.866666666666667,0.0,0.0,0.0,,,,def,MIKE,M
0,0,1015,MIKE,47,AFTER_SNAP,0.7,,DEF,right,54.5,24.866666666666667,0.0,0.0,0.0,,,,def,MIKE,M
0,0,1015,MIKE,48,AFTER_SNAP,0.8,,DEF,right,54.5,24.866666666666667,0.0,0.0,0.0,,,,def,MIKE,M
0,0,1015,MIKE,49,AFTER_SNAP,0.9,,DEF,right,54.5,24.866666666666667,0.0,0.0,0.0,,,,def,MIKE,M
0,0,1015,MIKE,50,AFTER_SNAP,1.0,,DEF,right,54.5,24.866666666666667,0.0,0.0,0.0,,,,def,MIKE,M
0,0,1015,MIKE,51,AFTER_SNAP,1.1,,DEF,right,54.5,24.866666666666667,0.0,0.0,0.0,,,,def,MIKE,M
0,0,1015,MIKE,52,AFTER_SNAP,1.2,,DEF,right,54.5,24.866666666666667,0.0,0.0,0.0,,,,def,MIKE,M
0,0,1015,MIKE,53,AFTER_SNAP,1.3,,DEF,right,54.5,24.866666666666667,0.0,0.0,0.0,,,,def,MIKE,M
0,0,1015,MIKE,54,AFTER_SNAP,1.4,,DEF,right,54.5,24.866666666666667,0.0,0.0,0.0,,,pass_forward,def,MIKE,M
0,0,1015,MIKE,55,AFTER_SNAP,1.5,,DEF,right,54.5,24.866666666666667,0.0,0.0,0.0,,,,def,MIKE,M
0,0,1015,MIKE,56,AFTER_SNAP,1.6,,DEF,right,54.5,24.866666666666667,0.0,0.0,0.0,,,,def,MIKE,M
0,0,1015,MIKE,57,AFTER_SNAP,1.7,,DEF,right,54.5,24.866666666666667,0.0,0.0,0.0,,,,def,MIKE,M
0,0,1015,MIKE,58,AFTER_SNAP,1.8,,DEF,right,54.5,24.866666666666667,0.0,0.0,0.0,,,,def,MIKE,M
0,0,1015,MIKE,59,AFTER_SNAP,1.9,,DEF,right,54.5,24.866666666666667,0.0,0.0,0.0,,,,def,MIKE,M
0,0,1015,MIKE,60,AFTER_SNAP,2.0,,DEF,right,54.5,24.866666666666667,0.0,0.0,0.0,,,,def,MIKE,M
0,0,1015,MIKE,61,AFTER_SNAP,2.1,,DEF,right,54.5,24.866666666666667,0.0,0.0,0.0,,,,def,MIKE,M
0,0,1015,MIKE,62,AFTER_SNAP,2.2,,DEF,right,54.5,24.866666666666667,0.0,0.0,0.0,,,,def,MIKE,M
0,0,1015,MIKE,63,AFTER_SNAP,2.3,,DEF,right,54.5,24.866666666666667,0.0,0.0,0.0,,,,def,MIKE,M
0,0,1015,MIKE,64,AFTER_SNAP,2.4,,DEF,right,54.5,24.866666666666667,0.0,0.0,0.0,,,,def,MIKE,M
0,0,1015,MIKE,65,AFTER_SNAP,2.5,,DEF,right,54.5,24.866666666666667,0.0,0.0,0.0,,,,def,MIKE,M
0,0,1015,MIKE,66,AFTER_SNAP,2.6,,DEF,right,54.5,24.866666666666667,0.0,0.0,0.0,,,,def,MIKE,M
0,0,1015,MIKE,67,AFTER_SNAP,2.7,,DEF,right,54.5,24.866666666666667,0.0,0.0,0.0,,,,def,MIKE,M
0,0,1015,MIKE,68,AFTER_SNAP,2.8,,DEF,right,54.5,24.866666666666667,0.0,0.0,0.0,,,,def,MIKE,M
0,0,1015,MIKE,69,AFTER_SNAP,2.9,,DEF,right,54.5,24.866666666666667,0.0,0.0,0.0,,,,def,MIKE,M
0,0,1015,MIKE,70,AFTER_SNAP,3.0,,DEF,right,54.5,24.866666666666667,0.0,0.0,0.0,,,,def,MIKE,M
0,0,1015,MIKE,71,AFTER_SNAP,3.1,,DEF,right,54.5,24.866666666666667,0.0,0.0,0.0,,,,def,MIKE,M
0,0,1015,MIKE,72,AFTER_SNAP,3.2,,DEF,right,54.5,24.866666666666667,0.0,0.0,0.0,,,,def,MIKE,M
0,0,1015,MIKE,73,AFTER_SNAP,3.3,,DEF,right,54.5,24.866666666666667,0.0,0.0,0.0,,,,def,MIKE,M
0,0,1015,MIKE,74,AFTER_SNAP,3.4,,DEF,right,54.5,24.866666666666667,0.0,0.0,0.0,,,,def,MIKE,M
0,0,1015,MIKE,75,AFTER_SNAP,3.5,,DEF,right,54.5,24.866666666666667,0.0,0.0,0.0,,,,def,MIKE,M
0,0,1015,MIKE,76,AFTER_SNAP,3.6,,DEF,right,54.5,24.866666666666667,0.0,0.0,0.0,,,,def,MIKE,M
0,0,1015,MIKE,77,AFTER_SNAP,3.7,,DEF,right,54.5,24.866666666666667,0.0,0.0,0.0,,,,def,MIKE,M
0,0,1015,MIKE,78,AFTER_SNAP,3.8,,DEF,right,54.5,24.866666666666667,0.0,0.0,0.0,,,,def,MIKE,M
0,0,1015,MIKE,79,AFTER_SNAP,3.9,,DEF,right,54.5,24.866666666666667,0.0,0.0,0.0,,,,def,MIKE,M
0,0,1016,WILL,1,BEFORE_SNAP,-3.9,,DEF,right,54.5,28.666666666666668,0.0,0.0,0.0,,,,def,WILL,W
0,0,1016,WILL,2,BEFORE_SNAP,-3.8,,DEF,right,54.5,28.666666666666668,0.0,0.0,0.0,,,,def,WILL,W
0,0,1016,WILL,3,BEFORE_SNAP,-3.7,,DEF,right,54.5,28.666666666666668,0.0,0.0,0.0,,,,def,WILL,W
0,0,1016,WILL,4,BEFORE_SNAP,-3.6,,DEF,right,54.5,28.666666666666668,0.0,0.0,0.0,,,,def,WILL,W
0,0,1016,WILL,5,BEFORE_SNAP,-3.5,,DEF,right,54.5,28.666666666666668,0.0,0.0,0.0,,,,def,WILL,W
0,0,1016,WILL,6,BEFORE_SNAP,-3.4,,DEF,right,54.5,28.666666666666668,0.0,0.0,0.0,,,,def,WILL,W
0,0,1016,WILL,7,BEFORE_SNAP,-3.3,,DEF,right,54.5,28.666666666666668,0.0,0.0,0.0,,,,def,WILL,W
0,0,1016,WILL,8,BEFORE_SNAP,-3.2,,DEF,right,54.5,28.666666666666668,0.0,0.0,0.0,,,,def,WILL,W
0,0,1016,WILL,9,BEFORE_SNAP,-3.1,,DEF,right,54.5,28.666666666666668,0.0,0.0,0.0,,,,def,WILL,W
0,0,1016,WILL,10,BEFORE_SNAP,-3.0,,DEF,right,54.5,28.666666666666668,0.0,0.0,0.0,,,,def,WILL,W
0,0,1016,WILL,11,BEFORE_SNAP,-2.9,,DEF,right,54.5,28.666666666666668,0.0,0.0,0.0,,,,def,WILL,W
0,0,1016,WILL,12,BEFORE_SNAP,-2.8,,DEF,right,54.5,28.666666666666668,0.0,0.0,0.0,,,,def,WILL,W
0,0,1016,WILL,13,BEFORE_SNAP,-2.7,,DEF,right,54.5,28.666666666666668,0.0,0.0,0.0,,,,def,WILL,W
0,0,1016,WILL,14,BEFORE_SNAP,-2.6,,DEF,right,54.5,28.666666666666668,0.0,0.0,0.0,,,,def,WILL,W
0,0,1016,WILL,15,BEFORE_SNAP,-2.5,,DEF,right,54.5,28.666666666666668,0.0,0.0,0.0,,,,def,WILL,W
0,0,1016,WILL,16,BEFORE_SNAP,-2.4,,DEF,right,54.5,28.666666666666668,0.0,0.0,0.0,,,,def,WILL,W
0,0,1016,WILL,17,BEFORE_SNAP,-2.3,,DEF,right,54.5,28.666666666666668,0.0,0.0,0.0,,,,def,WILL,W
0,0,1016,WILL,18,BEFORE_SNAP,-2.2,,DEF,right,54.5,28.666666666666668,0.0,0.0,0.0,,,,def,WILL,W
0,0,1016,WILL,19,BEFORE_SNAP,-2.1,,DEF,right,54.5,28.666666666666668,0.0,0.0,0.0,,,,def,WILL,W
0,0,1016,WILL,20,BEFORE_SNAP,-2.0,,DEF,right,54.5,28.666666666666668,0.0,0.0,0.0,,,,def,WILL,W
0,0,1016,WILL,21,BEFORE_SNAP,-1.9,,DEF,right,54.5,28.666666666666668,0.0,0.0,0.0,,,,def,WILL,W
0,0,1016,WILL,22,BEFORE_SNAP,-1.8,,DEF,right,54.5,28.666666666666668,0.0,0.0,0.0,,,,def,WILL,W
0,0,1016,WILL,23,BEFORE_SNAP,-1.7,,DEF,right,54.5,28.666666666666668,0.0,0.0,0.0,,,,def,WILL,W
0,0,1016,WILL,24,BEFORE_SNAP,-1.6,,DEF,right,54.5,28.666666666666668,0.0,0.0,0.0,,,,def,WILL,W
0,0,1016,WILL,25,BEFORE_SNAP,-1.5,,DEF,right,54.5,28.666666666666668,0.0,0.0,0.0,,,,def,WILL,W
0,0,1016,WILL,26,BEFORE_SNAP,-1.4,,DEF,right,54.5,28.666666666666668,0.0,0.0,0.0,,,,def,WILL,W
0,0,1016,WILL,27,BEFORE_SNAP,-1.3,,DEF,right,54.5,28.666666666666668,0.0,0.0,0.0,,,,def,WILL,W
0,0,1016,WILL,28,BEFORE_SNAP,-1.2,,DEF,right,54.5,28.666666666666668,0.0,0.0,0.0,,,,def,WILL,W
0,0,1016,WILL,29,BEFORE_SNAP,-1.1,,DEF,right,54.5,28.666666666666668,0.0,0.0,0.0,,,,def,WILL,W
0,0,1016,WILL,30,BEFORE_SNAP,-1.0,,DEF,right,54.5,28.666666666666668,0.0,0.0,0.0,,,,def,WILL,W
0,0,1016,WILL,31,BEFORE_SNAP,-0.9,,DEF,right,54.5,28.666666666666668,0.0,0.0,0.0,,,,def,WILL,W
0,0,1016,WILL,32,BEFORE_SNAP,-0.8,,DEF,right,54.5,28.666666666666668,0.0,0.0,0.0,,,,def,WILL,W
0,0,1016,WILL,33,BEFORE_SNAP,-0.7,,DEF,right,54.5,28.666666666666668,0.0,0.0,0.0,,,,def,WILL,W
0,0,1016,WILL,34,BEFORE_SNAP,-0.6,,DEF,right,54.5,28.666666666666668,0.0,0.0,0.0,,,,def,WILL,W
0,0,1016,WILL,35,BEFORE_SNAP,-0.5,,DEF,right,54.5,28.666666666666668,0.0,0.0,0.0,,,,def,WILL,W
0,0,1016,WILL,36,BEFORE_SNAP,-0.4,,DEF,right,54.5,28.666666666666668,0.0,0.0,0.0,,,,def,WILL,W
0,0,1016,WILL,37,BEFORE_SNAP,-0.3,,DEF,right,54.5,28.666666666666668,0.0,0.0,0.0,,,,def,WILL,W
0,0,1016,WILL,38,BEFORE_SNAP,-0.2,,DEF,right,54.5,28.666666666666668,0.0,0.0,0.0,,,,def,WILL,W
0,0,1016,WILL,39,BEFORE_SNAP,-0.1,,DEF,right,54.5,28.666666666666668,0.0,0.0,0.0,,,,def,WILL,W
0,0,1016,WILL,40,SNAP,0.0,,DEF,right,54.5,28.666666666666668,0.0,0.0,0.0,,,ball_snap,def,WILL,W
0,0,1016,WILL,41,AFTER_SNAP,0.1,,DEF,right,54.5,28.666666666666668,0.0,0.0,0.0,,,,def,WILL,W
0,0,1016,WILL,42,AFTER_SNAP,0.2,,DEF,right,54.5,28.666666666666668,0.0,0.0,0.0,,,,def,WILL,W
0,0,1016,WILL,43,AFTER_SNAP,0.3,,DEF,right,54.5,28.666666666666668,0.0,0.0,0.0,,,,def,WILL,W
0,0,1016,WILL,44,AFTER_SNAP,0.4,,DEF,right,54.5,28.666666666666668,0.0,0.0,0.0,,,,def,WILL,W
0,0,1016,WILL,45,AFTER_SNAP,0.5,,DEF,right,54.5,28.666666666666668,0.0,0.0,0.0,,,,def,WILL,W
0,0,1016,WILL,46,AFTER_SNAP,0.6,,DEF,right,54.5,28.666666666666668,0.0,0.0,0.0,,,,def,WILL,W
0,0,1016,WILL,47,AFTER_SNAP,0.7,,DEF,right,54.5,28.666666666666668,0.0,0.0,0.0,,,,def,WILL,W
0,0,1016,WILL,48,AFTER_SNAP,0.8,,DEF,right,54.5,28.666666666666668,0.0,0.0,0.0,,,,def,WILL,W
0,0,1016,WILL,49,AFTER_SNAP,0.9,,DEF,right,54.5,28.666666666666668,0.0,0.0,0.0,,,,def,WILL,W
0,0,1016,WILL,50,AFTER_SNAP,1.0,,DEF,right,54.5,28.666666666666668,0.0,0.0,0.0,,,,def,WILL,W
0,0,1016,WILL,51,AFTER_SNAP,1.1,,DEF,right,54.5,28.666666666666668,0.0,0.0,0.0,,,,def,WILL,W
0,0,1016,WILL,52,AFTER_SNAP,1.2,,DEF,right,54.5,28.666666666666668,0.0,0.0,0.0,,,,def,WILL,W
0,0,1016,WILL,53,AFTER_SNAP,1.3,,DEF,right,54.5,28.666666666666668,0.0,0.0,0.0,,,,def,WILL,W
0,0,1016,WILL,54,AFTER_SNAP,1.4,,DEF,right,54.5,28.666666666666668,0.0,0.0,0.0,,,pass_forward,def,WILL,W
0,0,1016,WILL,55,AFTER_SNAP,1.5,,DEF,right,54.5,28.666666666666668,0.0,0.0,0.0,,,,def,WILL,W
0,0,1016,WILL,56,AFTER_SNAP,1.6,,DEF,right,54.5,28.666666666666668,0.0,0.0,0.0,,,,def,WILL,W
0,0,1016,WILL,57,AFTER_SNAP,1.7,,DEF,right,54.5,28.666666666666668,0.0,0.0,0.0,,,,def,WILL,W
0,0,1016,WILL,58,AFTER_SNAP,1.8,,DEF,right,54.5,28.666666666666668,0.0,0.0,0.0,,,,def,WILL,W
0,0,1016,WILL,59,AFTER_SNAP,1.9,,DEF,right,54.5,28.666666666666668,0.0,0.0,0.0,,,,def,WILL,W
0,0,1016,WILL,60,AFTER_SNAP,2.0,,DEF,right,54.5,28.666666666666668,0.0,0.0,0.0,,,,def,WILL,W
0,0,1016,WILL,61,AFTER_SNAP,2.1,,DEF,right,54.5,28.666666666666668,0.0,0.0,0.0,,,,def,WILL,W
0,0,1016,WILL,62,AFTER_SNAP,2.2,,DEF,right,54.5,28.666666666666668,0.0,0.0,0.0,,,,def,WILL,W
0,0,1016,WILL,63,AFTER_SNAP,2.3,,DEF,right,54.5,28.666666666666668,0.0,0.0,0.0,,,,def,WILL,W
0,0,1016,WILL,64,AFTER_SNAP,2.4,,DEF,right,54.5,28.666666666666668,0.0,0.0,0.0,,,,def,WILL,W
0,0,1016,WILL,65,AFTER_SNAP,2.5,,DEF,right,54.5,28.666666666666668,0.0,0.0,0.0,,,,def,WILL,W
0,0,1016,WILL,66,AFTER_SNAP,2.6,,DEF,right,54.5,28.666666666666668,0.0,0.0,0.0,,,,def,WILL,W
0,0,1016,WILL,67,AFTER_SNAP,2.7,,DEF,right,54.5,28.666666666666668,0.0,0.0,0.0,,,,def,WILL,W
0,0,1016,WILL,68,AFTER_SNAP,2.8,,DEF,right,54.5,28.666666666666668,0.0,0.0,0.0,,,,def,WILL,W
0,0,1016,WILL,69,AFTER_SNAP,2.9,,DEF,right,54.5,28.666666666666668,0.0,0.0,0.0,,,,def,WILL,W
0,0,1016,WILL,70,AFTER_SNAP,3.0,,DEF,right,54.5,28.666666666666668,0.0,0.0,0.0,,,,def,WILL,W
0,0,1016,WILL,71,AFTER_SNAP,3.1,,DEF,right,54.5,28.666666666666668,0.0,0.0,0.0,,,,def,WILL,W
0,0,1016,WILL,72,AFTER_SNAP,3.2,,DEF,right,54.5,28.666666666666668,0.0,0.0,0.0,,,,def,WILL,W
0,0,1016,WILL,73,AFTER_SNAP,3.3,,DEF,right,54.5,28.666666666666668,0.0,0.0,0.0,,,,def,WILL,W
0,0,1016,WILL,74,AFTER_SNAP,3.4,,DEF,right,54.5,28.666666666666668,0.0,0.0,0.0,,,,def,WILL,W
0,0,1016,WILL,75,AFTER_SNAP,3.5,,DEF,right,54.5,28.666666666666668,0.0,0.0,0.0,,,,def,WILL,W
0,0,1016,WILL,76,AFTER_SNAP,3.6,,DEF,right,54.5,28.666666666666668,0.0,0.0,0.0,,,,def,WILL,W
0,0,1016,WILL,77,AFTER_SNAP,3.7,,DEF,right,54.5,28.666666666666668,0.0,0.0,0.0,,,,def,WILL,W
0,0,1016,WILL,78,AFTER_SNAP,3.8,,DEF,right,54.5,28.666666666666668,0.0,0.0,0.0,,,,def,WILL,W
0,0,1016,WILL,79,AFTER_SNAP,3.9,,DEF,right,54.5,28.666666666666668,0.0,0.0,0.0,,,,def,WILL,W
0,0,1017,LCB,1,BEFORE_SNAP,-3.9,,DEF,right,57.0,41.66666666666667,0.0,0.0,0.0,,,,def,CB,C
0,0,1017,LCB,2,BEFORE_SNAP,-3.8,,DEF,right,57.0,41.66666666666667,0.0,7.213461402725742,0.0,,,,def,CB,C
0,0,1017,LCB,3,BEFORE_SNAP,-3.7,,DEF,right,57.0,41.66666666666667,1.4426922805451465,19.17086618069267,0.14426922805451445,182.4110297466113,182.4110297466113,,def,CB,C
0,0,1017,LCB,4,BEFORE_SNAP,-3.6,,DEF,right,56.987861767262046,41.37838363914028,3.834173236138529,17.243943375241248,0.3834173236138532,182.4110297466114,182.4110297466114,,def,CB,C
0,0,1017,LCB,5,BEFORE_SNAP,-3.5,,DEF,right,56.967740808122784,40.900510859582845,4.891480955593399,5.829133819307314,0.4891480955593403,182.41102974661106,182.41102974661106,,def,CB,C
0,0,1017,LCB,6,BEFORE_SNAP,-3.4,,DEF,right,56.9467068133797,40.40095348443445,4.999999999999993,0.5425952220328552,0.4999999999999997,182.41102974661112,182.41102974661112,,def,CB,C
0,0,1017,LCB,7,BEFORE_SNAP,-3.3,,DEF,right,56.925672818636606,39.90139610928607,4.99999999999997,5.3290705182007583e-14,0.49999999999999634,182.41102974661152,182.41102974661152,,def,CB,C
0,0,1017,LCB,8,BEFORE_SNAP,-3.2,,DEF,right,56.904638823893514,39.401838734137684,5.0000000000000036,2.9309887850104173e-13,0.49999999999999967,182.41102974661112,182.41102974661112,,def,CB,C
0,0,1017,LCB,9,BEFORE_SNAP,-3.1,,DEF,right,56.88360482915043,38.90228135898929,5.000000000000028,4.8849813083506844e-14,0.5000000000000033,182.4110297466111,182.4110297466111,,def,CB,C
0,0,1017,LCB,10,BEFORE_SNAP,-3.0,,DEF,right,56.862570834407336,38.4027239838409,4.999999999999994,1.776356839400249e-13,0.49999999999999983,182.41102974661152,182.41102974661152,,def,CB,C
0,0,1017,LCB,11,BEFORE_SNAP,-2.9,,DEF,right,56.84153683966424,37.903166608692516,4.999999999999993,4.8849813083506844e-14,0.4999999999999997,182.41102974661112,182.41102974661112,,def,CB,C
0,0,1017,LCB,12,BEFORE_SNAP,-2.8,,DEF,right,56.82050284492116,37.403609233544124,5.0000000000000036,5.773159728050822e-14,0.49999999999999967,182.41102974661112,182.41102974661112,,def,CB,C
0,0,1017,LCB,13,BEFORE_SNAP,-2.7,,DEF,right,56.799468850178066,36.90405185839574,5.000000000000004,5.3290705182007583e-14,0.4999999999999998,182.41102974661152,182.41102974661152,,def,CB,C
0,0,1017,LCB,14,BEFORE_SNAP,-2.6,,DEF,right,56.77843485543497,36.40449448324735,4.999999999999993,5.773159728050809e-14,0.4999999999999997,182.41102974661112,182.41102974661112,,def,CB,C
0,0,1017,LCB,15,BEFORE_SNAP,-2.5,,DEF,right,56.75740086069189,35.90493710809896,4.999999999999993,1.8207657603852552e-13,0.4999999999999997,182.41102974661112,182.41102974661112,,def,CB,C
0,0,1017,LCB,16,BEFORE_SNAP,-2.4,,DEF,right,56.736366865948796,35.40537973295057,5.000000000000029,5.329070518200747e-14,0.5000000000000033,182.41102974661152,182.41102974661152,,def,CB,C
0,0,1017,LCB,17,BEFORE_SNAP,-2.3,,DEF,right,56.7153328712057,34.90582235780218,5.0000000000000036,3.064215547965436e-13,0.49999999999999967,182.41102974661112,182.41102974661112,,def,CB,C
0,0,1017,LCB,18,BEFORE_SNAP,-2.2,,DEF,right,56.69429887646262,34.406264982653795,4.999999999999968,5.3290705182007583e-14,0.4999999999999961,182.41102974661112,182.41102974661112,,def,CB,C
0,0,1017,LCB,19,BEFORE_SNAP,-2.1,,DEF,right,56.673264881719525,33.90670760750541,4.999999999999993,3.0198066269804233e-13,0.4999999999999997,182.41102974661112,182.41102974661112,,def,CB,C
0,0,1017,LCB,20,BEFORE_SNAP,-2.0,,DEF,right,56.65223088697644,33.40715023235702,5.000000000000028,3.108624468950436e-14,0.5000000000000033,182.4110297466111,182.4110297466111,,def,CB,C
0,0,1017,LCB,21,BEFORE_SNAP,-1.9,,DEF,right,56.63119689223335,32.90759285720863,4.999999999999999,1.465494392505207e-13,0.4999999999999998,182.41102974661152,182.41102974661152,,def,CB,C
0,0,1017,LCB,22,BEFORE_SNAP,-1.8,,DEF,right,56.610162897490255,32.40803548206024,4.999999999999999,4.440892098500627e-15,0.4999999999999998,182.41102974661152,182.41102974661152,,def,CB,C
0,0,1017,LCB,23,BEFORE_SNAP,-1.7,,DEF,right,56.58912890274716,31.90847810691185,4.999999999999998,4.440892098500627e-15,0.4999999999999997,182.41102974661112,182.41102974661112,,def,CB,C
0,0,1017,LCB,24,BEFORE_SNAP,-1.6,,DEF,right,56.56809490800408,31.408920731763466,4.999999999999998,6.66133814775094e-14,0.4999999999999997,182.41102974661112,182.41102974661112,,def,CB,C
0,0,1017,LCB,25,BEFORE_SNAP,-1.5,,DEF,right,56.547060913260985,30.909363356615074,5.0000000000000115,8.881784197001245e-14,0.5000000000000016,182.41102974661152,182.41102974661152,,def,CB,C
0,0,1017,LCB,26,BEFORE_SNAP,-1.4,,DEF,right,56.52602691851789,30.409805981466686,4.9999999999999805,1.5543122344752194e-13,0.49999999999999795,182.41102974661112,182.41102974661112,,def,CB,C
0,0,1017,LCB,27,BEFORE_SNAP,-1.3,,DEF,right,56.50499292377481,29.9102486063183,4.9999999999999805,1.8207657603852572e-13,0.49999999999999795,182.41102974661112,182.41102974661112,,def,CB,C
0,0,1017,LCB,28,BEFORE_SNAP,-1.2,,DEF,right,56.483958929031715,29.410691231169913,5.000000000000017,1.776356839400251e-13,0.5000000000000016,182.41102974661152,182.41102974661152,,def,CB,C
0,0,1017,LCB,29,BEFORE_SNAP,-1.1,,DEF,right,56.46292493428862,28.91113385602152,5.000000000000016,1.0658141036401505e-13,0.5000000000000014,182.4110297466111,182.4110297466111,,def,CB,C
0,0,1017,LCB,30,BEFORE_SNAP,-1.0,,DEF,right,56.44189093954554,28.411576480873133,4.999999999999996,8.437694987151187e-14,0.4999999999999997,182.41102974661112,182.41102974661112,,def,CB,C
0,0,1017,LCB,31,BEFORE_SNAP,-0.9,,DEF,right,56.420856944802445,27.912019105724745,4.999999999999999,0.0,0.4999999999999998,182.41102974661152,182.41102974661152,,def,CB,C
0,0,1017,LCB,32,BEFORE_SNAP,-0.8,,DEF,right,56.39982295005935,27.412461730576357,4.999999999999996,1.7763568394002498e-14,0.4999999999999997,182.41102974661112,182.41102974661112,,def,CB,C
0,0,1017,LCB,33,BEFORE_SNAP,-0.7,,DEF,right,56.37878895531627,26.91290435542797,4.999999999999996,1.7763568394002498e-14,0.4999999999999997,182.41102974661112,182.41102974661112,,def,CB,C
0,0,1017,LCB,34,BEFORE_SNAP,-0.6,,DEF,right,56.357754960573175,26.41334698027958,4.999999999999999,1.3322676295501882e-14,0.4999999999999998,182.41102974661152,182.41102974661152,,def,CB,C
0,0,1017,LCB,35,BEFORE_SNAP,-0.5,,DEF,right,56.33672096583008,25.913789605131193,4.999999999999998,7.993605777301128e-14,0.4999999999999997,182.41102974661112,182.41102974661112,,def,CB,C
0,0,1017,LCB,36,BEFORE_SNAP,-0.4,,DEF,right,56.315686971087,25.414232229982805,5.000000000000015,0.0,0.5000000000000016,182.4110297466111,182.4110297466111,,def,CB,C
0,0,1017,LCB,37,BEFORE_SNAP,-0.3,,DEF,right,56.294652976343905,24.914674854834413,4.999999999999998,1.7763568394002505e-13,0.49999999999999983,182.41102974661152,182.41102974661152,,def,CB,C
0,0,1017,LCB,38,BEFORE_SNAP,-0.2,,DEF,right,56.27361898160081,24.415117479686028,4.99999999999998,4.440892098500626e-15,0.4999999999999979,182.41102974661112,182.41102974661112,,def,CB,C
0,0,1017,LCB,39,BEFORE_SNAP,-0.1,,DEF,right,56.25258498685773,23.91556010453764,4.999999999999997,14.305555555555468,0.4999999999999998,182.41102974661112,182.41102974661112,,def,CB,C
0,0,1017,LCB,40,SNAP,0.0,,DEF,right,56.231550992114634,23.416002729389252,2.1388888888888857,3.6111111111111294,0.21388888888888857,270.0,270.0,ball_snap,def,CB,C
0,0,1017,LCB,41,AFTER_SNAP,0.1,,DEF,right,55.82480720907995,23.91556010453764,4.2777777777777715,22.88343436804438,0.42777777777777715,269.9999999999998,269.9999999999998,,def,CB,C
0,0,1017,LCB,42,AFTER_SNAP,0.2,,DEF,right,55.37599543655908,23.41600272938925,6.715575762497762,13.228087139835909,0.6715575762497762,221.93712225965035,221.93712225965035,,def,CB,C
0,0,1017,LCB,43,AFTER_SNAP,0.3,,DEF,right,54.92718366403821,22.91644535424086,6.923395205744953,3.4916116199922076,0.6923395205744953,214.47058969597884,214.47058969597884,,def,CB,C
0,0,1017,LCB,44,AFTER_SNAP,0.4,,DEF,right,54.59229045481649,22.274450037399458,7.413898086496204,3.8272475473438172,0.7413898086496205,204.67943969052263,204.67943969052263,,def,CB,C
0,0,1017,LCB,45,AFTER_SNAP,0.5,,DEF,right,54.30806233062331,21.56910569105691,7.688844715213716,1.8098153941379507,0.7688844715213714,200.85179455537303,200.85179455537303,,def,CB,C
0,0,1017,LCB,46,AFTER_SNAP,0.6,,DEF,right,54.044918699186994,20.837398373983742,7.775861165323794,0.4350822505504449,0.7775861165323792,199.7800881432881,199.7800881432881,,def,CB,C
0,0,1017,LCB,47,AFTER_SNAP,0.7,,DEF,right,53.78177506775068,20.105691056910572,7.775861165323805,0.04198823307336229,0.7775861165323807,199.78008814328808,199.78008814328808,,def,CB,C
0,0,1017,LCB,48,AFTER_SNAP,0.8,,DEF,right,53.518631436314365,19.3739837398374,7.784258811938466,1.195624902569365,0.7784258811938469,199.89151401358413,199.89151401358413,,def,CB,C
0,0,1017,LCB,49,AFTER_SNAP,0.9,,DEF,right,53.25207138522819,18.641723359598988,8.014986145837678,2.35364948774266,0.8014986145837677,202.73113186704506,202.73113186704506,,def,CB,C
0,0,1017,LCB,50,AFTER_SNAP,1.0,,DEF,right,52.8992216857003,17.89549407887828,8.254988709486998,1.2043216261956586,0.8254988709487001,205.31216507043897,205.31216507043897,,def,CB,C
0,0,1017,LCB,51,AFTER_SNAP,1.1,,DEF,right,52.54618761595147,17.149234951596434,8.25585047107681,0.005972365834008288,0.8255850471076809,205.32086351130062,205.32086351130062,,def,CB,C
0,0,1017,LCB,52,AFTER_SNAP,1.2,,DEF,right,52.19303762743944,16.402957058938945,8.2561831826538,0.4905972776394486,0.8256183182653798,205.3242208326729,205.3242208326729,,def,CB,C
0,0,1017,LCB,53,AFTER_SNAP,1.3,,DEF,right,51.83988763892741,15.65667916628145,8.15773101554892,2.310631672740256,0.8157731015548919,203.8211538379956,203.8211538379956,,def,CB,C
0,0,1017,LCB,54,AFTER_SNAP,1.4,,DEF,right,51.53408372874491,14.91040127362396,7.794056848105749,3.4346757446329654,0.7794056848105747,196.76495874846927,196.76495874846927,pass_forward,def,CB,C
0,0,1017,LCB,55,AFTER_SNAP,1.5,,DEF,right,51.39025432857002,14.164123380966467,7.4707958666223275,7.5105195547885835,0.7470795866622334,182.65458941181294,182.65458941181294,,def,CB,C
0,0,1017,LCB,56,AFTER_SNAP,1.6,,DEF,right,51.46488211783577,13.417845488308974,6.2919529371480305,18.480845016298332,0.6291952937148029,174.28940686250058,174.28940686250058,,def,CB,C
0,0,1017,LCB,57,AFTER_SNAP,1.7,,DEF,right,51.515468872000284,12.911977946663814,3.7746268633626623,25.29639505466695,0.3774626863362661,174.28940686250053,174.28940686250053,,def,CB,C
0,0,1017,LCB,58,AFTER_SNAP,1.8,,DEF,right,51.54,12.666666666666668,1.2326739262146418,18.873134316813317,0.12326739262146415,174.2894068625002,174.2894068625002,,def,CB,C
0,0,1017,LCB,59,AFTER_SNAP,1.9,,DEF,right,51.54,12.666666666666668,0.0,6.16336963107321,0.0,,,,def,CB,C
0,0,1017,LCB,60,AFTER_SNAP,2.0,,DEF,right,51.54,12.666666666666668,0.0,0.0,0.0,,,,def,CB,C
0,0,1017,LCB,61,AFTER_SNAP,2.1,,DEF,right,51.54,12.666666666666668,0.0,0.0,0.0,,,,def,CB,C
0,0,1017,LCB,62,AFTER_SNAP,2.2,,DEF,right,51.54,12.666666666666668,0.0,0.0,0.0,,,,def,CB,C
0,0,1017,LCB,63,AFTER_SNAP,2.3,,DEF,right,51.54,12.666666666666668,0.0,0.0,0.0,,,,def,CB,C
0,0,1017,LCB,64,AFTER_SNAP,2.4,,DEF,right,51.54,12.666666666666668,0.0,0.0,0.0,,,,def,CB,C
0,0,1017,LCB,65,AFTER_SNAP,2.5,,DEF,right,51.54,12.666666666666668,0.0,0.0,0.0,,,,def,CB,C
0,0,1017,LCB,66,AFTER_SNAP,2.6,,DEF,right,51.54,12.666666666666668,0.0,0.0,0.0,,,,def,CB,C
0,0,1017,LCB,67,AFTER_SNAP,2.7,,DEF,right,51.54,12.666666666666668,0.0,0.0,0.0,,,,def,CB,C
0,0,1017,LCB,68,AFTER_SNAP,2.8,,DEF,right,51.54,12.666666666666668,0.0,0.0,0.0,,,,def,CB,C
0,0,1017,LCB,69,AFTER_SNAP,2.9,,DEF,right,51.54,12.666666666666668,0.0,0.0,0.0,,,,def,CB,C
0,0,1017,LCB,70,AFTER_SNAP,3.0,,DEF,right,51.54,12.666666666666668,0.0,0.0,0.0,,,,def,CB,C
0,0,1017,LCB,71,AFTER_SNAP,3.1,,DEF,right,51.54,12.666666666666668,0.0,0.0,0.0,,,,def,CB,C
0,0,1017,LCB,72,AFTER_SNAP,3.2,,DEF,right,51.54,12.666666666666668,0.0,0.0,0.0,,,,def,CB,C
0,0,1017,LCB,73,AFTER_SNAP,3.3,,DEF,right,51.54,12.666666666666668,0.0,0.0,0.0,,,,def,CB,C
0,0,1017,LCB,74,AFTER_SNAP,3.4,,DEF,right,51.54,12.666666666666668,0.0,0.0,0.0,,,,def,CB,C
0,0,1017,LCB,75,AFTER_SNAP,3.5,,DEF,right,51.54,12.666666666666668,0.0,0.0,0.0,,,,def,CB,C
0,0,1017,LCB,76,AFTER_SNAP,3.6,,DEF,right,51.54,12.666666666666668,0.0,0.0,0.0,,,,def,CB,C
0,0,1017,LCB,77,AFTER_SNAP,3.7,,DEF,right,51.54,12.666666666666668,0.0,0.0,0.0,,,,def,CB,C
0,0,1017,LCB,78,AFTER_SNAP,3.8,,DEF,right,51.54,12.666666666666668,0.0,0.0,0.0,,,,def,CB,C
0,0,1017,LCB,79,AFTER_SNAP,3.9,,DEF,right,51.54,12.666666666666668,0.0,0.0,0.0,,,,def,CB,C
0,0,1018,RCB,1,BEFORE_SNAP,-3.9,,DEF,right,57.0,9.666666666666668,0.0,0.0,0.0,,,,def,CB,C
0,0,1018,RCB,2,BEFORE_SNAP,-3.8,,DEF,right,57.0,9.666666666666668,0.0,0.0,0.0,,,,def,CB,C
0,0,1018,RCB,3,BEFORE_SNAP,-3.7,,DEF,right,57.0,9.666666666666668,0.0,0.0,0.0,,,,def,CB,C
0,0,1018,RCB,4,BEFORE_SNAP,-3.6,,DEF,right,57.0,9.666666666666668,0.0,0.0,0.0,,,,def,CB,C
0,0,1018,RCB,5,BEFORE_SNAP,-3.5,,DEF,right,57.0,9.666666666666668,0.0,0.0,0.0,,,,def,CB,C
0,0,1018,RCB,6,BEFORE_SNAP,-3.4,,DEF,right,57.0,9.666666666666668,0.0,0.0,0.0,,,,def,CB,C
0,0,1018,RCB,7,BEFORE_SNAP,-3.3,,DEF,right,57.0,9.666666666666668,0.0,0.0,0.0,,,,def,CB,C
0,0,1018,RCB,8,BEFORE_SNAP,-3.2,,DEF,right,57.0,9.666666666666668,0.0,0.0,0.0,,,,def,CB,C
0,0,1018,RCB,9,BEFORE_SNAP,-3.1,,DEF,right,57.0,9.666666666666668,0.0,0.0,0.0,,,,def,CB,C
0,0,1018,RCB,10,BEFORE_SNAP,-3.0,,DEF,right,57.0,9.666666666666668,0.0,0.0,0.0,,,,def,CB,C
0,0,1018,RCB,11,BEFORE_SNAP,-2.9,,DEF,right,57.0,9.666666666666668,0.0,0.0,0.0,,,,def,CB,C
0,0,1018,RCB,12,BEFORE_SNAP,-2.8,,DEF,right,57.0,9.666666666666668,0.0,0.0,0.0,,,,def,CB,C
0,0,1018,RCB,13,BEFORE_SNAP,-2.7,,DEF,right,57.0,9.666666666666668,0.0,0.0,0.0,,,,def,CB,C
0,0,1018,RCB,14,BEFORE_SNAP,-2.6,,DEF,right,57.0,9.666666666666668,0.0,0.0,0.0,,,,def,CB,C
0,0,1018,RCB,15,BEFORE_SNAP,-2.5,,DEF,right,57.0,9.666666666666668,0.0,0.0,0.0,,,,def,CB,C
0,0,1018,RCB,16,BEFORE_SNAP,-2.4,,DEF,right,57.0,9.666666666666668,0.0,0.0,0.0,,,,def,CB,C
0,0,1018,RCB,17,BEFORE_SNAP,-2.3,,DEF,right,57.0,9.666666666666668,0.0,0.0,0.0,,,,def,CB,C
0,0,1018,RCB,18,BEFORE_SNAP,-2.2,,DEF,right,57.0,9.666666666666668,0.0,0.0,0.0,,,,def,CB,C
0,0,1018,RCB,19,BEFORE_SNAP,-2.1,,DEF,right,57.0,9.666666666666668,0.0,0.0,0.0,,,,def,CB,C
0,0,1018,RCB,20,BEFORE_SNAP,-2.0,,DEF,right,57.0,9.666666666666668,0.0,0.0,0.0,,,,def,CB,C
0,0,1018,RCB,21,BEFORE_SNAP,-1.9,,DEF,right,57.0,9.666666666666668,0.0,0.0,0.0,,,,def,CB,C
0,0,1018,RCB,22,BEFORE_SNAP,-1.8,,DEF,right,57.0,9.666666666666668,0.0,0.0,0.0,,,,def,CB,C
0,0,1018,RCB,23,BEFORE_SNAP,-1.7,,DEF,right,57.0,9.666666666666668,0.0,0.0,0.0,,,,def,CB,C
0,0,1018,RCB,24,BEFORE_SNAP,-1.6,,DEF,right,57.0,9.666666666666668,0.0,0.0,0.0,,,,def,CB,C
0,0,1018,RCB,25,BEFORE_SNAP,-1.5,,DEF,right,57.0,9.666666666666668,0.0,0.0,0.0,,,,def,CB,C
0,0,1018,RCB,26,BEFORE_SNAP,-1.4,,DEF,right,57.0,9.666666666666668,0.0,0.0,0.0,,,,def,CB,C
0,0,1018,RCB,27,BEFORE_SNAP,-1.3,,DEF,right,57.0,9.666666666666668,0.0,0.0,0.0,,,,def,CB,C
0,0,1018,RCB,28,BEFORE_SNAP,-1.2,,DEF,right,57.0,9.666666666666668,0.0,0.0,0.0,,,,def,CB,C
0,0,1018,RCB,29,BEFORE_SNAP,-1.1,,DEF,right,57.0,9.666666666666668,0.0,0.0,0.0,,,,def,CB,C
0,0,1018,RCB,30,BEFORE_SNAP,-1.0,,DEF,right,57.0,9.666666666666668,0.0,0.0,0.0,,,,def,CB,C
0,0,1018,RCB,31,BEFORE_SNAP,-0.9,,DEF,right,57.0,9.666666666666668,0.0,0.0,0.0,,,,def,CB,C
0,0,1018,RCB,32,BEFORE_SNAP,-0.8,,DEF,right,57.0,9.666666666666668,0.0,0.0,0.0,,,,def,CB,C
0,0,1018,RCB,33,BEFORE_SNAP,-0.7,,DEF,right,57.0,9.666666666666668,0.0,0.0,0.0,,,,def,CB,C
0,0,1018,RCB,34,BEFORE_SNAP,-0.6,,DEF,right,57.0,9.666666666666668,0.0,0.0,0.0,,,,def,CB,C
0,0,1018,RCB,35,BEFORE_SNAP,-0.5,,DEF,right,57.0,9.666666666666668,0.0,0.0,0.0,,,,def,CB,C
0,0,1018,RCB,36,BEFORE_SNAP,-0.4,,DEF,right,57.0,9.666666666666668,0.0,0.0,0.0,,,,def,CB,C
0,0,1018,RCB,37,BEFORE_SNAP,-0.3,,DEF,right,57.0,9.666666666666668,0.0,0.0,0.0,,,,def,CB,C
0,0,1018,RCB,38,BEFORE_SNAP,-0.2,,DEF,right,57.0,9.666666666666668,0.0,0.0,0.0,,,,def,CB,C
0,0,1018,RCB,39,BEFORE_SNAP,-0.1,,DEF,right,57.0,9.666666666666668,0.0,0.0,0.0,,,,def,CB,C
0,0,1018,RCB,40,SNAP,0.0,,DEF,right,57.0,9.666666666666668,0.0,0.0,0.0,,,ball_snap,def,CB,C
0,0,1018,RCB,41,AFTER_SNAP,0.1,,DEF,right,57.0,9.666666666666668,0.0,0.0,0.0,,,,def,CB,C
0,0,1018,RCB,42,AFTER_SNAP,0.2,,DEF,right,57.0,9.666666666666668,0.0,0.0,0.0,,,,def,CB,C
0,0,1018,RCB,43,AFTER_SNAP,0.3,,DEF,right,57.0,9.666666666666668,0.0,0.0,0.0,,,,def,CB,C
0,0,1018,RCB,44,AFTER_SNAP,0.4,,DEF,right,57.0,9.666666666666668,0.0,0.0,0.0,,,,def,CB,C
0,0,1018,RCB,45,AFTER_SNAP,0.5,,DEF,right,57.0,9.666666666666668,0.0,0.0,0.0,,,,def,CB,C
0,0,1018,RCB,46,AFTER_SNAP,0.6,,DEF,right,57.0,9.666666666666668,0.0,0.0,0.0,,,,def,CB,C
0,0,1018,RCB,47,AFTER_SNAP,0.7,,DEF,right,57.0,9.666666666666668,0.0,0.0,0.0,,,,def,CB,C
0,0,1018,RCB,48,AFTER_SNAP,0.8,,DEF,right,57.0,9.666666666666668,0.0,0.0,0.0,,,,def,CB,C
0,0,1018,RCB,49,AFTER_SNAP,0.9,,DEF,right,57.0,9.666666666666668,0.0,0.0,0.0,,,,def,CB,C
0,0,1018,RCB,50,AFTER_SNAP,1.0,,DEF,right,57.0,9.666666666666668,0.0,0.0,0.0,,,,def,CB,C
0,0,1018,RCB,51,AFTER_SNAP,1.1,,DEF,right,57.0,9.666666666666668,0.0,0.0,0.0,,,,def,CB,C
0,0,1018,RCB,52,AFTER_SNAP,1.2,,DEF,right,57.0,9.666666666666668,0.0,0.0,0.0,,,,def,CB,C
0,0,1018,RCB,53,AFTER_SNAP,1.3,,DEF,right,57.0,9.666666666666668,0.0,0.0,0.0,,,,def,CB,C
0,0,1018,RCB,54,AFTER_SNAP,1.4,,DEF,right,57.0,9.666666666666668,0.0,0.0,0.0,,,pass_forward,def,CB,C
0,0,1018,RCB,55,AFTER_SNAP,1.5,,DEF,right,57.0,9.666666666666668,0.0,0.0,0.0,,,,def,CB,C
0,0,1018,RCB,56,AFTER_SNAP,1.6,,DEF,right,57.0,9.666666666666668,0.0,0.0,0.0,,,,def,CB,C
0,0,1018,RCB,57,AFTER_SNAP,1.7,,DEF,right,57.0,9.666666666666668,0.0,0.0,0.0,,,,def,CB,C
0,0,1018,RCB,58,AFTER_SNAP,1.8,,DEF,right,57.0,9.666666666666668,0.0,0.0,0.0,,,,def,CB,C
0,0,1018,RCB,59,AFTER_SNAP,1.9,,DEF,right,57.0,9.666666666666668,0.0,0.0,0.0,,,,def,CB,C
0,0,1018,RCB,60,AFTER_SNAP,2.0,,DEF,right,57.0,9.666666666666668,0.0,0.0,0.0,,,,def,CB,C
0,0,1018,RCB,61,AFTER_SNAP,2.1,,DEF,right,57.0,9.666666666666668,0.0,0.0,0.0,,,,def,CB,C
0,0,1018,RCB,62,AFTER_SNAP,2.2,,DEF,right,57.0,9.666666666666668,0.0,0.0,0.0,,,,def,CB,C
0,0,1018,RCB,63,AFTER_SNAP,2.3,,DEF,right,57.0,9.666666666666668,0.0,0.0,0.0,,,,def,CB,C
0,0,1018,RCB,64,AFTER_SNAP,2.4,,DEF,right,57.0,9.666666666666668,0.0,0.0,0.0,,,,def,CB,C
0,0,1018,RCB,65,AFTER_SNAP,2.5,,DEF,right,57.0,9.666666666666668,0.0,0.0,0.0,,,,def,CB,C
0,0,1018,RCB,66,AFTER_SNAP,2.6,,DEF,right,57.0,9.666666666666668,0.0,0.0,0.0,,,,def,CB,C
0,0,1018,RCB,67,AFTER_SNAP,2.7,,DEF,right,57.0,9.666666666666668,0.0,0.0,0.0,,,,def,CB,C
0,0,1018,RCB,68,AFTER_SNAP,2.8,,DEF,right,57.0,9.666666666666668,0.0,0.0,0.0,,,,def,CB,C
0,0,1018,RCB,69,AFTER_SNAP,2.9,,DEF,right,57.0,9.666666666666668,0.0,0.0,0.0,,,,def,CB,C
0,0,1018,RCB,70,AFTER_SNAP,3.0,,DEF,right,57.0,9.666666666666668,0.0,0.0,0.0,,,,def,CB,C
0,0,1018,RCB,71,AFTER_SNAP,3.1,,DEF,right,57.0,9.666666666666668,0.0,0.0,0.0,,,,def,CB,C
0,0,1018,RCB,72,AFTER_SNAP,3.2,,DEF,right,57.0,9.666666666666668,0.0,0.0,0.0,,,,def,CB,C
0,0,1018,RCB,73,AFTER_SNAP,3.3,,DEF,right,57.0,9.666666666666668,0.0,0.0,0.0,,,,def,CB,C
0,0,1018,RCB,74,AFTER_SNAP,3.4,,DEF,right,57.0,9.666666666666668,0.0,0.0,0.0,,,,def,CB,C
0,0,1018,RCB,75,AFTER_SNAP,3.5,,DEF,right,57.0,9.666666666666668,0.0,0.0,0.0,,,,def,CB,C
0,0,1018,RCB,76,AFTER_SNAP,3.6,,DEF,right,57.0,9.666666666666668,0.0,0.0,0.0,,,,def,CB,C
0,0,1018,RCB,77,AFTER_SNAP,3.7,,DEF,right,57.0,9.666666666666668,0.0,0.0,0.0,,,,def,CB,C
0,0,1018,RCB,78,AFTER_SNAP,3.8,,DEF,right,57.0,9.666666666666668,0.0,0.0,0.0,,,,def,CB,C
0,0,1018,RCB,79,AFTER_SNAP,3.9,,DEF,right,57.0,9.666666666666668,0.0,0.0,0.0,,,,def,CB,C
0,0,1019,NB,1,BEFORE_SNAP,-3.9,,DEF,right,55.0,16.166666666666668,0.0,0.0,0.0,,,,def,NB,$
0,0,1019,NB,2,BEFORE_SNAP,-3.8,,DEF,right,55.0,16.166666666666668,0.0,0.0,0.0,,,,def,NB,$
0,0,1019,NB,3,BEFORE_SNAP,-3.7,,DEF,right,55.0,16.166666666666668,0.0,0.0,0.0,,,,def,NB,$
0,0,1019,NB,4,BEFORE_SNAP,-3.6,,DEF,right,55.0,16.166666666666668,0.0,0.0,0.0,,,,def,NB,$
0,0,1019,NB,5,BEFORE_SNAP,-3.5,,DEF,right,55.0,16.166666666666668,0.0,0.0,0.0,,,,def,NB,$
0,0,1019,NB,6,BEFORE_SNAP,-3.4,,DEF,right,55.0,16.166666666666668,0.0,0.0,0.0,,,,def,NB,$
0,0,1019,NB,7,BEFORE_SNAP,-3.3,,DEF,right,55.0,16.166666666666668,0.0,0.0,0.0,,,,def,NB,$
0,0,1019,NB,8,BEFORE_SNAP,-3.2,,DEF,right,55.0,16.166666666666668,0.0,0.0,0.0,,,,def,NB,$
0,0,1019,NB,9,BEFORE_SNAP,-3.1,,DEF,right,55.0,16.166666666666668,0.0,0.0,0.0,,,,def,NB,$
0,0,1019,NB,10,BEFORE_SNAP,-3.0,,DEF,right,55.0,16.166666666666668,0.0,0.0,0.0,,,,def,NB,$
0,0,1019,NB,11,BEFORE_SNAP,-2.9,,DEF,right,55.0,16.166666666666668,0.0,0.0,0.0,,,,def,NB,$
0,0,1019,NB,12,BEFORE_SNAP,-2.8,,DEF,right,55.0,16.166666666666668,0.0,0.0,0.0,,,,def,NB,$
0,0,1019,NB,13,BEFORE_SNAP,-2.7,,DEF,right,55.0,16.166666666666668,0.0,0.0,0.0,,,,def,NB,$
0,0,1019,NB,14,BEFORE_SNAP,-2.6,,DEF,right,55.0,16.166666666666668,0.0,0.0,0.0,,,,def,NB,$
0,0,1019,NB,15,BEFORE_SNAP,-2.5,,DEF,right,55.0,16.166666666666668,0.0,0.0,0.0,,,,def,NB,$
0,0,1019,NB,16,BEFORE_SNAP,-2.4,,DEF,right,55.0,16.166666666666668,0.0,0.0,0.0,,,,def,NB,$
0,0,1019,NB,17,BEFORE_SNAP,-2.3,,DEF,right,55.0,16.166666666666668,0.0,0.0,0.0,,,,def,NB,$
0,0,1019,NB,18,BEFORE_SNAP,-2.2,,DEF,right,55.0,16.166666666666668,0.0,0.0,0.0,,,,def,NB,$
0,0,1019,NB,19,BEFORE_SNAP,-2.1,,DEF,right,55.0,16.166666666666668,0.0,0.0,0.0,,,,def,NB,$
0,0,1019,NB,20,BEFORE_SNAP,-2.0,,DEF,right,55.0,16.166666666666668,0.0,0.0,0.0,,,,def,NB,$
0,0,1019,NB,21,BEFORE_SNAP,-1.9,,DEF,right,55.0,16.166666666666668,0.0,0.0,0.0,,,,def,NB,$
0,0,1019,NB,22,BEFORE_SNAP,-1.8,,DEF,right,55.0,16.166666666666668,0.0,0.0,0.0,,,,def,NB,$
0,0,1019,NB,23,BEFORE_SNAP,-1.7,,DEF,right,55.0,16.166666666666668,0.0,0.0,0.0,,,,def,NB,$
0,0,1019,NB,24,BEFORE_SNAP,-1.6,,DEF,right,55.0,16.166666666666668,0.0,0.0,0.0,,,,def,NB,$
0,0,1019,NB,25,BEFORE_SNAP,-1.5,,DEF,right,55.0,16.166666666666668,0.0,0.0,0.0,,,,def,NB,$
0,0,1019,NB,26,BEFORE_SNAP,-1.4,,DEF,right,55.0,16.166666666666668,0.0,0.0,0.0,,,,def,NB,$
0,0,1019,NB,27,BEFORE_SNAP,-1.3,,DEF,right,55.0,16.166666666666668,0.0,0.0,0.0,,,,def,NB,$
0,0,1019,NB,28,BEFORE_SNAP,-1.2,,DEF,right,55.0,16.166666666666668,0.0,0.0,0.0,,,,def,NB,$
0,0,1019,NB,29,BEFORE_SNAP,-1.1,,DEF,right,55.0,16.166666666666668,0.0,0.0,0.0,,,,def,NB,$
0,0,1019,NB,30,BEFORE_SNAP,-1.0,,DEF,right,55.0,16.166666666666668,0.0,0.0,0.0,,,,def,NB,$
0,0,1019,NB,31,BEFORE_SNAP,-0.9,,DEF,right,55.0,16.166666666666668,0.0,0.0,0.0,,,,def,NB,$
0,0,1019,NB,32,BEFORE_SNAP,-0.8,,DEF,right,55.0,16.166666666666668,0.0,0.0,0.0,,,,def,NB,$
0,0,1019,NB,33,BEFORE_SNAP,-0.7,,DEF,right,55.0,16.166666666666668,0.0,0.0,0.0,,,,def,NB,$
0,0,1019,NB,34,BEFORE_SNAP,-0.6,,DEF,right,55.0,16.166666666666668,0.0,0.0,0.0,,,,def,NB,$
0,0,1019,NB,35,BEFORE_SNAP,-0.5,,DEF,right,55.0,16.166666666666668,0.0,0.0,0.0,,,,def,NB,$
0,0,1019,NB,36,BEFORE_SNAP,-0.4,,DEF,right,55.0,16.166666666666668,0.0,0.0,0.0,,,,def,NB,$
0,0,1019,NB,37,BEFORE_SNAP,-0.3,,DEF,right,55.0,16.166666666666668,0.0,0.0,0.0,,,,def,NB,$
0,0,1019,NB,38,BEFORE_SNAP,-0.2,,DEF,right,55.0,16.166666666666668,0.0,0.0,0.0,,,,def,NB,$
0,0,1019,NB,39,BEFORE_SNAP,-0.1,,DEF,right,55.0,16.166666666666668,0.0,0.0,0.0,,,,def,NB,$
0,0,1019,NB,40,SNAP,0.0,,DEF,right,55.0,16.166666666666668,0.0,0.0,0.0,,,ball_snap,def,NB,$
0,0,1019,NB,41,AFTER_SNAP,0.1,,DEF,right,55.0,16.166666666666668,0.0,0.0,0.0,,,,def,NB,$
0,0,1019,NB,42,AFTER_SNAP,0.2,,DEF,right,55.0,16.166666666666668,0.0,0.0,0.0,,,,def,NB,$
0,0,1019,NB,43,AFTER_SNAP,0.3,,DEF,right,55.0,16.166666666666668,0.0,0.0,0.0,,,,def,NB,$
0,0,1019,NB,44,AFTER_SNAP,0.4,,DEF,right,55.0,16.166666666666668,0.0,0.0,0.0,,,,def,NB,$
0,0,1019,NB,45,AFTER_SNAP,0.5,,DEF,right,55.0,16.166666666666668,0.0,0.0,0.0,,,,def,NB,$
0,0,1019,NB,46,AFTER_SNAP,0.6,,DEF,right,55.0,16.166666666666668,0.0,0.0,0.0,,,,def,NB,$
0,0,1019,NB,47,AFTER_SNAP,0.7,,DEF,right,55.0,16.166666666666668,0.0,0.0,0.0,,,,def,NB,$
0,0,1019,NB,48,AFTER_SNAP,0.8,,DEF,right,55.0,16.166666666666668,0.0,0.0,0.0,,,,def,NB,$
0,0,1019,NB,49,AFTER_SNAP,0.9,,DEF,right,55.0,16.166666666666668,0.0,0.0,0.0,,,,def,NB,$
0,0,1019,NB,50,AFTER_SNAP,1.0,,DEF,right,55.0,16.166666666666668,0.0,0.0,0.0,,,,def,NB,$
0,0,1019,NB,51,AFTER_SNAP,1.1,,DEF,right,55.0,16.166666666666668,0.0,0.0,0.0,,,,def,NB,$
0,0,1019,NB,52,AFTER_SNAP,1.2,,DEF,right,55.0,16.166666666666668,0.0,0.0,0.0,,,,def,NB,$
0,0,1019,NB,53,AFTER_SNAP,1.3,,DEF,right,55.0,16.166666666666668,0.0,0.0,0.0,,,,def,NB,$
0,0,1019,NB,54,AFTER_SNAP,1.4,,DEF,right,55.0,16.166666666666668,0.0,0.0,0.0,,,pass_forward,def,NB,$
0,0,1019,NB,55,AFTER_SNAP,1.5,,DEF,right,55.0,16.166666666666668,0.0,0.0,0.0,,,,def,NB,$
0,0,1019,NB,56,AFTER_SNAP,1.6,,DEF,right,55.0,16.166666666666668,0.0,0.0,0.0,,,,def,NB,$
0,0,1019,NB,57,AFTER_SNAP,1.7,,DEF,right,55.0,16.166666666666668,0.0,0.0,0.0,,,,def,NB,$
0,0,1019,NB,58,AFTER_SNAP,1.8,,DEF,right,55.0,16.166666666666668,0.0,0.0,0.0,,,,def,NB,$
0,0,1019,NB,59,AFTER_SNAP,1.9,,DEF,right,55.0,16.166666666666668,0.0,0.0,0.0,,,,def,NB,$
0,0,1019,NB,60,AFTER_SNAP,2.0,,DEF,right,55.0,16.166666666666668,0.0,0.0,0.0,,,,def,NB,$
0,0,1019,NB,61,AFTER_SNAP,2.1,,DEF,right,55.0,16.166666666666668,0.0,0.0,0.0,,,,def,NB,$
0,0,1019,NB,62,AFTER_SNAP,2.2,,DEF,right,55.0,16.166666666666668,0.0,0.0,0.0,,,,def,NB,$
0,0,1019,NB,63,AFTER_SNAP,2.3,,DEF,right,55.0,16.166666666666668,0.0,0.0,0.0,,,,def,NB,$
0,0,1019,NB,64,AFTER_SNAP,2.4,,DEF,right,55.0,16.166666666666668,0.0,0.0,0.0,,,,def,NB,$
0,0,1019,NB,65,AFTER_SNAP,2.5,,DEF,right,55.0,16.166666666666668,0.0,0.0,0.0,,,,def,NB,$
0,0,1019,NB,66,AFTER_SNAP,2.6,,DEF,right,55.0,16.166666666666668,0.0,0.0,0.0,,,,def,NB,$
0,0,1019,NB,67,AFTER_SNAP,2.7,,DEF,right,55.0,16.166666666666668,0.0,0.0,0.0,,,,def,NB,$
0,0,1019,NB,68,AFTER_SNAP,2.8,,DEF,right,55.0,16.166666666666668,0.0,0.0,0.0,,,,def,NB,$
0,0,1019,NB,69,AFTER_SNAP,2.9,,DEF,right,55.0,16.166666666666668,0.0,0.0,0.0,,,,def,NB,$
0,0,1019,NB,70,AFTER_SNAP,3.0,,DEF,right,55.0,16.166666666666668,0.0,0.0,0.0,,,,def,NB,$
0,0,1019,NB,71,AFTER_SNAP,3.1,,DEF,right,55.0,16.166666666666668,0.0,0.0,0.0,,,,def,NB,$
0,0,1019,NB,72,AFTER_SNAP,3.2,,DEF,right,55.0,16.166666666666668,0.0,0.0,0.0,,,,def,NB,$
0,0,1019,NB,73,AFTER_SNAP,3.3,,DEF,right,55.0,16.166666666666668,0.0,0.0,0.0,,,,def,NB,$
0,0,1019,NB,74,AFTER_SNAP,3.4,,DEF,right,55.0,16.166666666666668,0.0,0.0,0.0,,,,def,NB,$
0,0,1019,NB,75,AFTER_SNAP,3.5,,DEF,right,55.0,16.166666666666668,0.0,0.0,0.0,,,,def,NB,$
0,0,1019,NB,76,AFTER_SNAP,3.6,,DEF,right,55.0,16.166666666666668,0.0,0.0,0.0,,,,def,NB,$
0,0,1019,NB,77,AFTER_SNAP,3.7,,DEF,right,55.0,16.166666666666668,0.0,0.0,0.0,,,,def,NB,$
0,0,1019,NB,78,AFTER_SNAP,3.8,,DEF,right,55.0,16.166666666666668,0.0,0.0,0.0,,,,def,NB,$
0,0,1019,NB,79,AFTER_SNAP,3.9,,DEF,right,55.0,16.166666666666668,0.0,0.0,0.0,,,,def,NB,$
0,0,1020,FS,1,BEFORE_SNAP,-3.9,,DEF,right,56.0,30.666666666666668,0.0,0.0,0.0,,,,def,FS,FS
0,0,1020,FS,2,BEFORE_SNAP,-3.8,,DEF,right,56.0,30.666666666666668,0.0,0.0,0.0,,,,def,FS,FS
0,0,1020,FS,3,BEFORE_SNAP,-3.7,,DEF,right,56.0,30.666666666666668,0.0,0.0,0.0,,,,def,FS,FS
0,0,1020,FS,4,BEFORE_SNAP,-3.6,,DEF,right,56.0,30.666666666666668,0.0,0.0,0.0,,,,def,FS,FS
0,0,1020,FS,5,BEFORE_SNAP,-3.5,,DEF,right,56.0,30.666666666666668,0.0,0.0,0.0,,,,def,FS,FS
0,0,1020,FS,6,BEFORE_SNAP,-3.4,,DEF,right,56.0,30.666666666666668,0.0,0.0,0.0,,,,def,FS,FS
0,0,1020,FS,7,BEFORE_SNAP,-3.3,,DEF,right,56.0,30.666666666666668,0.0,0.0,0.0,,,,def,FS,FS
0,0,1020,FS,8,BEFORE_SNAP,-3.2,,DEF,right,56.0,30.666666666666668,0.0,0.0,0.0,,,,def,FS,FS
0,0,1020,FS,9,BEFORE_SNAP,-3.1,,DEF,right,56.0,30.666666666666668,0.0,0.0,0.0,,,,def,FS,FS
0,0,1020,FS,10,BEFORE_SNAP,-3.0,,DEF,right,56.0,30.666666666666668,0.0,0.0,0.0,,,,def,FS,FS
0,0,1020,FS,11,BEFORE_SNAP,-2.9,,DEF,right,56.0,30.666666666666668,0.0,0.0,0.0,,,,def,FS,FS
0,0,1020,FS,12,BEFORE_SNAP,-2.8,,DEF,right,56.0,30.666666666666668,0.0,0.0,0.0,,,,def,FS,FS
0,0,1020,FS,13,BEFORE_SNAP,-2.7,,DEF,right,56.0,30.666666666666668,0.0,0.0,0.0,,,,def,FS,FS
0,0,1020,FS,14,BEFORE_SNAP,-2.6,,DEF,right,56.0,30.666666666666668,0.0,0.0,0.0,,,,def,FS,FS
0,0,1020,FS,15,BEFORE_SNAP,-2.5,,DEF,right,56.0,30.666666666666668,0.0,0.0,0.0,,,,def,FS,FS
0,0,1020,FS,16,BEFORE_SNAP,-2.4,,DEF,right,56.0,30.666666666666668,0.0,0.0,0.0,,,,def,FS,FS
0,0,1020,FS,17,BEFORE_SNAP,-2.3,,DEF,right,56.0,30.666666666666668,0.0,0.0,0.0,,,,def,FS,FS
0,0,1020,FS,18,BEFORE_SNAP,-2.2,,DEF,right,56.0,30.666666666666668,0.0,0.0,0.0,,,,def,FS,FS
0,0,1020,FS,19,BEFORE_SNAP,-2.1,,DEF,right,56.0,30.666666666666668,0.0,0.0,0.0,,,,def,FS,FS
0,0,1020,FS,20,BEFORE_SNAP,-2.0,,DEF,right,56.0,30.666666666666668,0.0,0.0,0.0,,,,def,FS,FS
0,0,1020,FS,21,BEFORE_SNAP,-1.9,,DEF,right,56.0,30.666666666666668,0.0,0.0,0.0,,,,def,FS,FS
0,0,1020,FS,22,BEFORE_SNAP,-1.8,,DEF,right,56.0,30.666666666666668,0.0,0.0,0.0,,,,def,FS,FS
0,0,1020,FS,23,BEFORE_SNAP,-1.7,,DEF,right,56.0,30.666666666666668,0.0,0.0,0.0,,,,def,FS,FS
0,0,1020,FS,24,BEFORE_SNAP,-1.6,,DEF,right,56.0,30.666666666666668,0.0,0.0,0.0,,,,def,FS,FS
0,0,1020,FS,25,BEFORE_SNAP,-1.5,,DEF,right,56.0,30.666666666666668,0.0,0.0,0.0,,,,def,FS,FS
0,0,1020,FS,26,BEFORE_SNAP,-1.4,,DEF,right,56.0,30.666666666666668,0.0,0.0,0.0,,,,def,FS,FS
0,0,1020,FS,27,BEFORE_SNAP,-1.3,,DEF,right,56.0,30.666666666666668,0.0,0.0,0.0,,,,def,FS,FS
0,0,1020,FS,28,BEFORE_SNAP,-1.2,,DEF,right,56.0,30.666666666666668,0.0,0.0,0.0,,,,def,FS,FS
0,0,1020,FS,29,BEFORE_SNAP,-1.1,,DEF,right,56.0,30.666666666666668,0.0,0.0,0.0,,,,def,FS,FS
0,0,1020,FS,30,BEFORE_SNAP,-1.0,,DEF,right,56.0,30.666666666666668,0.0,0.0,0.0,,,,def,FS,FS
0,0,1020,FS,31,BEFORE_SNAP,-0.9,,DEF,right,56.0,30.666666666666668,0.0,0.0,0.0,,,,def,FS,FS
0,0,1020,FS,32,BEFORE_SNAP,-0.8,,DEF,right,56.0,30.666666666666668,0.0,0.0,0.0,,,,def,FS,FS
0,0,1020,FS,33,BEFORE_SNAP,-0.7,,DEF,right,56.0,30.666666666666668,0.0,0.0,0.0,,,,def,FS,FS
0,0,1020,FS,34,BEFORE_SNAP,-0.6,,DEF,right,56.0,30.666666666666668,0.0,0.0,0.0,,,,def,FS,FS
0,0,1020,FS,35,BEFORE_SNAP,-0.5,,DEF,right,56.0,30.666666666666668,0.0,0.0,0.0,,,,def,FS,FS
0,0,1020,FS,36,BEFORE_SNAP,-0.4,,DEF,right,56.0,30.666666666666668,0.0,0.0,0.0,,,,def,FS,FS
0,0,1020,FS,37,BEFORE_SNAP,-0.3,,DEF,right,56.0,30.666666666666668,0.0,0.0,0.0,,,,def,FS,FS
0,0,1020,FS,38,BEFORE_SNAP,-0.2,,DEF,right,56.0,30.666666666666668,0.0,0.0,0.0,,,,def,FS,FS
0,0,1020,FS,39,BEFORE_SNAP,-0.1,,DEF,right,56.0,30.666666666666668,0.0,0.0,0.0,,,,def,FS,FS
0,0,1020,FS,40,SNAP,0.0,,DEF,right,56.0,30.666666666666668,0.0,0.0,0.0,,,ball_snap,def,FS,FS
0,0,1020,FS,41,AFTER_SNAP,0.1,,DEF,right,56.0,30.666666666666668,0.0,0.0,0.0,,,,def,FS,FS
0,0,1020,FS,42,AFTER_SNAP,0.2,,DEF,right,56.0,30.666666666666668,0.0,0.0,0.0,,,,def,FS,FS
0,0,1020,FS,43,AFTER_SNAP,0.3,,DEF,right,56.0,30.666666666666668,0.0,0.0,0.0,,,,def,FS,FS
0,0,1020,FS,44,AFTER_SNAP,0.4,,DEF,right,56.0,30.666666666666668,0.0,0.0,0.0,,,,def,FS,FS
0,0,1020,FS,45,AFTER_SNAP,0.5,,DEF,right,56.0,30.666666666666668,0.0,0.0,0.0,,,,def,FS,FS
0,0,1020,FS,46,AFTER_SNAP,0.6,,DEF,right,56.0,30.666666666666668,0.0,0.0,0.0,,,,def,FS,FS
0,0,1020,FS,47,AFTER_SNAP,0.7,,DEF,right,56.0,30.666666666666668,0.0,0.0,0.0,,,,def,FS,FS
0,0,1020,FS,48,AFTER_SNAP,0.8,,DEF,right,56.0,30.666666666666668,0.0,0.0,0.0,,,,def,FS,FS
0,0,1020,FS,49,AFTER_SNAP,0.9,,DEF,right,56.0,30.666666666666668,0.0,0.0,0.0,,,,def,FS,FS
0,0,1020,FS,50,AFTER_SNAP,1.0,,DEF,right,56.0,30.666666666666668,0.0,0.0,0.0,,,,def,FS,FS
0,0,1020,FS,51,AFTER_SNAP,1.1,,DEF,right,56.0,30.666666666666668,0.0,0.0,0.0,,,,def,FS,FS
0,0,1020,FS,52,AFTER_SNAP,1.2,,DEF,right,56.0,30.666666666666668,0.0,0.0,0.0,,,,def,FS,FS
0,0,1020,FS,53,AFTER_SNAP,1.3,,DEF,right,56.0,30.666666666666668,0.0,0.0,0.0,,,,def,FS,FS
0,0,1020,FS,54,AFTER_SNAP,1.4,,DEF,right,56.0,30.666666666666668,0.0,0.0,0.0,,,pass_forward,def,FS,FS
0,0,1020,FS,55,AFTER_SNAP,1.5,,DEF,right,56.0,30.666666666666668,0.0,0.0,0.0,,,,def,FS,FS
0,0,1020,FS,56,AFTER_SNAP,1.6,,DEF,right,56.0,30.666666666666668,0.0,0.0,0.0,,,,def,FS,FS
0,0,1020,FS,57,AFTER_SNAP,1.7,,DEF,right,56.0,30.666666666666668,0.0,0.0,0.0,,,,def,FS,FS
0,0,1020,FS,58,AFTER_SNAP,1.8,,DEF,right,56.0,30.666666666666668,0.0,0.0,0.0,,,,def,FS,FS
0,0,1020,FS,59,AFTER_SNAP,1.9,,DEF,right,56.0,30.666666666666668,0.0,0.0,0.0,,,,def,FS,FS
0,0,1020,FS,60,AFTER_SNAP,2.0,,DEF,right,56.0,30.666666666666668,0.0,0.0,0.0,,,,def,FS,FS
0,0,1020,FS,61,AFTER_SNAP,2.1,,DEF,right,56.0,30.666666666666668,0.0,0.0,0.0,,,,def,FS,FS
0,0,1020,FS,62,AFTER_SNAP,2.2,,DEF,right,56.0,30.666666666666668,0.0,0.0,0.0,,,,def,FS,FS
0,0,1020,FS,63,AFTER_SNAP,2.3,,DEF,right,56.0,30.666666666666668,0.0,0.0,0.0,,,,def,FS,FS
0,0,1020,FS,64,AFTER_SNAP,2.4,,DEF,right,56.0,30.666666666666668,0.0,0.0,0.0,,,,def,FS,FS
0,0,1020,FS,65,AFTER_SNAP,2.5,,DEF,right,56.0,30.666666666666668,0.0,0.0,0.0,,,,def,FS,FS
0,0,1020,FS,66,AFTER_SNAP,2.6,,DEF,right,56.0,30.666666666666668,0.0,0.0,0.0,,,,def,FS,FS
0,0,1020,FS,67,AFTER_SNAP,2.7,,DEF,right,56.0,30.666666666666668,0.0,0.0,0.0,,,,def,FS,FS
0,0,1020,FS,68,AFTER_SNAP,2.8,,DEF,right,56.0,30.666666666666668,0.0,0.0,0.0,,,,def,FS,FS
0,0,1020,FS,69,AFTER_SNAP,2.9,,DEF,right,56.0,30.666666666666668,0.0,0.0,0.0,,,,def,FS,FS
0,0,1020,FS,70,AFTER_SNAP,3.0,,DEF,right,56.0,30.666666666666668,0.0,0.0,0.0,,,,def,FS,FS
0,0,1020,FS,71,AFTER_SNAP,3.1,,DEF,right,56.0,30.666666666666668,0.0,0.0,0.0,,,,def,FS,FS
0,0,1020,FS,72,AFTER_SNAP,3.2,,DEF,right,56.0,30.666666666666668,0.0,0.0,0.0,,,,def,FS,FS
0,0,1020,FS,73,AFTER_SNAP,3.3,,DEF,right,56.0,30.666666666666668,0.0,0.0,0.0,,,,def,FS,FS
0,0,1020,FS,74,AFTER_SNAP,3.4,,DEF,right,56.0,30.666666666666668,0.0,0.0,0.0,,,,def,FS,FS
0,0,1020,FS,75,AFTER_SNAP,3.5,,DEF,right,56.0,30.666666666666668,0.0,0.0,0.0,,,,def,FS,FS
0,0,1020,FS,76,AFTER_SNAP,3.6,,DEF,right,56.0,30.666666666666668,0.0,0.0,0.0,,,,def,FS,FS
0,0,1020,FS,77,AFTER_SNAP,3.7,,DEF,right,56.0,30.666666666666668,0.0,0.0,0.0,,,,def,FS,FS
0,0,1020,FS,78,AFTER_SNAP,3.8,,DEF,right,56.0,30.666666666666668,0.0,0.0,0.0,,,,def,FS,FS
0,0,1020,FS,79,AFTER_SNAP,3.9,,DEF,right,56.0,30.666666666666668,0.0,0.0,0.0,,,,def,FS,FS
0,0,1021,SS,1,BEFORE_SNAP,-3.9,,DEF,right,56.0,21.666666666666668,0.0,0.0,0.0,,,,def,SS,SS
0,0,1021,SS,2,BEFORE_SNAP,-3.8,,DEF,right,56.0,21.666666666666668,0.0,0.0,0.0,,,,def,SS,SS
0,0,1021,SS,3,BEFORE_SNAP,-3.7,,DEF,right,56.0,21.666666666666668,0.0,0.0,0.0,,,,def,SS,SS
0,0,1021,SS,4,BEFORE_SNAP,-3.6,,DEF,right,56.0,21.666666666666668,0.0,0.0,0.0,,,,def,SS,SS
0,0,1021,SS,5,BEFORE_SNAP,-3.5,,DEF,right,56.0,21.666666666666668,0.0,0.0,0.0,,,,def,SS,SS
0,0,1021,SS,6,BEFORE_SNAP,-3.4,,DEF,right,56.0,21.666666666666668,0.0,0.0,0.0,,,,def,SS,SS
0,0,1021,SS,7,BEFORE_SNAP,-3.3,,DEF,right,56.0,21.666666666666668,0.0,0.0,0.0,,,,def,SS,SS
0,0,1021,SS,8,BEFORE_SNAP,-3.2,,DEF,right,56.0,21.666666666666668,0.0,0.0,0.0,,,,def,SS,SS
0,0,1021,SS,9,BEFORE_SNAP,-3.1,,DEF,right,56.0,21.666666666666668,0.0,0.0,0.0,,,,def,SS,SS
0,0,1021,SS,10,BEFORE_SNAP,-3.0,,DEF,right,56.0,21.666666666666668,0.0,0.0,0.0,,,,def,SS,SS
0,0,1021,SS,11,BEFORE_SNAP,-2.9,,DEF,right,56.0,21.666666666666668,0.0,0.0,0.0,,,,def,SS,SS
0,0,1021,SS,12,BEFORE_SNAP,-2.8,,DEF,right,56.0,21.666666666666668,0.0,0.0,0.0,,,,def,SS,SS
0,0,1021,SS,13,BEFORE_SNAP,-2.7,,DEF,right,56.0,21.666666666666668,0.0,0.0,0.0,,,,def,SS,SS
0,0,1021,SS,14,BEFORE_SNAP,-2.6,,DEF,right,56.0,21.666666666666668,0.0,0.0,0.0,,,,def,SS,SS
0,0,1021,SS,15,BEFORE_SNAP,-2.5,,DEF,right,56.0,21.666666666666668,0.0,0.0,0.0,,,,def,SS,SS
0,0,1021,SS,16,BEFORE_SNAP,-2.4,,DEF,right,56.0,21.666666666666668,0.0,0.0,0.0,,,,def,SS,SS
0,0,1021,SS,17,BEFORE_SNAP,-2.3,,DEF,right,56.0,21.666666666666668,0.0,0.0,0.0,,,,def,SS,SS
0,0,1021,SS,18,BEFORE_SNAP,-2.2,,DEF,right,56.0,21.666666666666668,0.0,0.0,0.0,,,,def,SS,SS
0,0,1021,SS,19,BEFORE_SNAP,-2.1,,DEF,right,56.0,21.666666666666668,0.0,0.0,0.0,,,,def,SS,SS
0,0,1021,SS,20,BEFORE_SNAP,-2.0,,DEF,right,56.0,21.666666666666668,0.0,0.0,0.0,,,,def,SS,SS
0,0,1021,SS,21,BEFORE_SNAP,-1.9,,DEF,right,56.0,21.666666666666668,0.0,0.0,0.0,,,,def,SS,SS
0,0,1021,SS,22,BEFORE_SNAP,-1.8,,DEF,right,56.0,21.666666666666668,0.0,0.0,0.0,,,,def,SS,SS
0,0,1021,SS,23,BEFORE_SNAP,-1.7,,DEF,right,56.0,21.666666666666668,0.0,0.0,0.0,,,,def,SS,SS
0,0,1021,SS,24,BEFORE_SNAP,-1.6,,DEF,right,56.0,21.666666666666668,0.0,0.0,0.0,,,,def,SS,SS
0,0,1021,SS,25,BEFORE_SNAP,-1.5,,DEF,right,56.0,21.666666666666668,0.0,0.0,0.0,,,,def,SS,SS
0,0,1021,SS,26,BEFORE_SNAP,-1.4,,DEF,right,56.0,21.666666666666668,0.0,0.0,0.0,,,,def,SS,SS
0,0,1021,SS,27,BEFORE_SNAP,-1.3,,DEF,right,56.0,21.666666666666668,0.0,0.0,0.0,,,,def,SS,SS
0,0,1021,SS,28,BEFORE_SNAP,-1.2,,DEF,right,56.0,21.666666666666668,0.0,0.0,0.0,,,,def,SS,SS
0,0,1021,SS,29,BEFORE_SNAP,-1.1,,DEF,right,56.0,21.666666666666668,0.0,0.0,0.0,,,,def,SS,SS
0,0,1021,SS,30,BEFORE_SNAP,-1.0,,DEF,right,56.0,21.666666666666668,0.0,0.0,0.0,,,,def,SS,SS
0,0,1021,SS,31,BEFORE_SNAP,-0.9,,DEF,right,56.0,21.666666666666668,0.0,0.0,0.0,,,,def,SS,SS
0,0,1021,SS,32,BEFORE_SNAP,-0.8,,DEF,right,56.0,21.666666666666668,0.0,0.0,0.0,,,,def,SS,SS
0,0,1021,SS,33,BEFORE_SNAP,-0.7,,DEF,right,56.0,21.666666666666668,0.0,0.0,0.0,,,,def,SS,SS
0,0,1021,SS,34,BEFORE_SNAP,-0.6,,DEF,right,56.0,21.666666666666668,0.0,0.0,0.0,,,,def,SS,SS
0,0,1021,SS,35,BEFORE_SNAP,-0.5,,DEF,right,56.0,21.666666666666668,0.0,0.0,0.0,,,,def,SS,SS
0,0,1021,SS,36,BEFORE_SNAP,-0.4,,DEF,right,56.0,21.666666666666668,0.0,0.0,0.0,,,,def,SS,SS
0,0,1021,SS,37,BEFORE_SNAP,-0.3,,DEF,right,56.0,21.666666666666668,0.0,0.0,0.0,,,,def,SS,SS
0,0,1021,SS,38,BEFORE_SNAP,-0.2,,DEF,right,56.0,21.666666666666668,0.0,0.0,0.0,,,,def,SS,SS
0,0,1021,SS,39,BEFORE_SNAP,-0.1,,DEF,right,56.0,21.666666666666668,0.0,0.0,0.0,,,,def,SS,SS
0,0,1021,SS,40,SNAP,0.0,,DEF,right,56.0,21.666666666666668,0.0,0.0,0.0,,,ball_snap,def,SS,SS
0,0,1021,SS,41,AFTER_SNAP,0.1,,DEF,right,56.0,21.666666666666668,0.0,0.0,0.0,,,,def,SS,SS
0,0,1021,SS,42,AFTER_SNAP,0.2,,DEF,right,56.0,21.666666666666668,0.0,0.0,0.0,,,,def,SS,SS
0,0,1021,SS,43,AFTER_SNAP,0.3,,DEF,right,56.0,21.666666666666668,0.0,0.0,0.0,,,,def,SS,SS
0,0,1021,SS,44,AFTER_SNAP,0.4,,DEF,right,56.0,21.666666666666668,0.0,0.0,0.0,,,,def,SS,SS
0,0,1021,SS,45,AFTER_SNAP,0.5,,DEF,right,56.0,21.666666666666668,0.0,0.0,0.0,,,,def,SS,SS
0,0,1021,SS,46,AFTER_SNAP,0.6,,DEF,right,56.0,21.666666666666668,0.0,0.0,0.0,,,,def,SS,SS
0,0,1021,SS,47,AFTER_SNAP,0.7,,DEF,right,56.0,21.666666666666668,0.0,0.0,0.0,,,,def,SS,SS
0,0,1021,SS,48,AFTER_SNAP,0.8,,DEF,right,56.0,21.666666666666668,0.0,0.0,0.0,,,,def,SS,SS
0,0,1021,SS,49,AFTER_SNAP,0.9,,DEF,right,56.0,21.666666666666668,0.0,0.0,0.0,,,,def,SS,SS
0,0,1021,SS,50,AFTER_SNAP,1.0,,DEF,right,56.0,21.666666666666668,0.0,0.0,0.0,,,,def,SS,SS
0,0,1021,SS,51,AFTER_SNAP,1.1,,DEF,right,56.0,21.666666666666668,0.0,0.0,0.0,,,,def,SS,SS
0,0,1021,SS,52,AFTER_SNAP,1.2,,DEF,right,56.0,21.666666666666668,0.0,0.0,0.0,,,,def,SS,SS
0,0,1021,SS,53,AFTER_SNAP,1.3,,DEF,right,56.0,21.666666666666668,0.0,0.0,0.0,,,,def,SS,SS
0,0,1021,SS,54,AFTER_SNAP,1.4,,DEF,right,56.0,21.666666666666668,0.0,0.0,0.0,,,pass_forward,def,SS,SS
0,0,1021,SS,55,AFTER_SNAP,1.5,,DEF,right,56.0,21.666666666666668,0.0,0.0,0.0,,,,def,SS,SS
0,0,1021,SS,56,AFTER_SNAP,1.6,,DEF,right,56.0,21.666666666666668,0.0,0.0,0.0,,,,def,SS,SS
0,0,1021,SS,57,AFTER_SNAP,1.7,,DEF,right,56.0,21.666666666666668,0.0,0.0,0.0,,,,def,SS,SS
0,0,1021,SS,58,AFTER_SNAP,1.8,,DEF,right,56.0,21.666666666666668,0.0,0.0,0.0,,,,def,SS,SS
0,0,1021,SS,59,AFTER_SNAP,1.9,,DEF,right,56.0,21.666666666666668,0.0,0.0,0.0,,,,def,SS,SS
0,0,1021,SS,60,AFTER_SNAP,2.0,,DEF,right,56.0,21.666666666666668,0.0,0.0,0.0,,,,def,SS,SS
0,0,1021,SS,61,AFTER_SNAP,2.1,,DEF,right,56.0,21.666666666666668,0.0,0.0,0.0,,,,def,SS,SS
0,0,1021,SS,62,AFTER_SNAP,2.2,,DEF,right,56.0,21.666666666666668,0.0,0.0,0.0,,,,def,SS,SS
0,0,1021,SS,63,AFTER_SNAP,2.3,,DEF,right,56.0,21.666666666666668,0.0,0.0,0.0,,,,def,SS,SS
0,0,1021,SS,64,AFTER_SNAP,2.4,,DEF,right,56.0,21.666666666666668,0.0,0.0,0.0,,,,def,SS,SS
0,0,1021,SS,65,AFTER_SNAP,2.5,,DEF,right,56.0,21.666666666666668,0.0,0.0,0.0,,,,def,SS,SS
0,0,1021,SS,66,AFTER_SNAP,2.6,,DEF,right,56.0,21.666666666666668,0.0,0.0,0.0,,,,def,SS,SS
0,0,1021,SS,67,AFTER_SNAP,2.7,,DEF,right,56.0,21.666666666666668,0.0,0.0,0.0,,,,def,SS,SS
0,0,1021,SS,68,AFTER_SNAP,2.8,,DEF,right,56.0,21.666666666666668,0.0,0.0,0.0,,,,def,SS,SS
0,0,1021,SS,69,AFTER_SNAP,2.9,,DEF,right,56.0,21.666666666666668,0.0,0.0,0.0,,,,def,SS,SS
0,0,1021,SS,70,AFTER_SNAP,3.0,,DEF,right,56.0,21.666666666666668,0.0,0.0,0.0,,,,def,SS,SS
0,0,1021,SS,71,AFTER_SNAP,3.1,,DEF,right,56.0,21.666666666666668,0.0,0.0,0.0,,,,def,SS,SS
0,0,1021,SS,72,AFTER_SNAP,3.2,,DEF,right,56.0,21.666666666666668,0.0,0.0,0.0,,,,def,SS,SS
0,0,1021,SS,73,AFTER_SNAP,3.3,,DEF,right,56.0,21.666666666666668,0.0,0.0,0.0,,,,def,SS,SS
0,0,1021,SS,74,AFTER_SNAP,3.4,,DEF,right,56.0,21.666666666666668,0.0,0.0,0.0,,,,def,SS,SS
0,0,1021,SS,75,AFTER_SNAP,3.5,,DEF,right,56.0,21.666666666666668,0.0,0.0,0.0,,,,def,SS,SS
0,0,1021,SS,76,AFTER_SNAP,3.6,,DEF,right,56.0,21.666666666666668,0.0,0.0,0.0,,,,def,SS,SS
0,0,1021,SS,77,AFTER_SNAP,3.7,,DEF,right,56.0,21.666666666666668,0.0,0.0,0.0,,,,def,SS,SS
0,0,1021,SS,78,AFTER_SNAP,3.8,,DEF,right,56.0,21.666666666666668,0.0,0.0,0.0,,,,def,SS,SS
0,0,1021,SS,79,AFTER_SNAP,3.9,,DEF,right,56.0,21.666666666666668,0.0,0.0,0.0,,,,def,SS,SS
0,0,,football,1,BEFORE_SNAP,-3.9,,football,right,50.0,26.666666666666668,0.0,0.0,0.0,,,,ball,,
0,0,,football,2,BEFORE_SNAP,-3.8,,football,right,50.0,26.666666666666668,0.0,0.0,0.0,,,,ball,,
0,0,,football,3,BEFORE_SNAP,-3.7,,football,right,50.0,26.666666666666668,0.0,0.0,0.0,,,,ball,,
0,0,,football,4,BEFORE_SNAP,-3.6,,football,right,50.0,26.666666666666668,0.0,0.0,0.0,,,,ball,,
0,0,,football,5,BEFORE_SNAP,-3.5,,football,right,50.0,26.666666666666668,0.0,0.0,0.0,,,,ball,,
0,0,,football,6,BEFORE_SNAP,-3.4,,football,right,50.0,26.666666666666668,0.0,0.0,0.0,,,,ball,,
0,0,,football,7,BEFORE_SNAP,-3.3,,football,right,50.0,26.666666666666668,0.0,0.0,0.0,,,,ball,,
0,0,,football,8,BEFORE_SNAP,-3.2,,football,right,50.0,26.666666666666668,0.0,0.0,0.0,,,,ball,,
0,0,,football,9,BEFORE_SNAP,-3.1,,football,right,50.0,26.666666666666668,0.0,0.0,0.0,,,,ball,,
0,0,,football,10,BEFORE_SNAP,-3.0,,football,right,50.0,26.666666666666668,0.0,0.0,0.0,,,,ball,,
0,0,,football,11,BEFORE_SNAP,-2.9,,football,right,50.0,26.666666666666668,0.0,0.0,0.0,,,,ball,,
0,0,,football,12,BEFORE_SNAP,-2.8,,football,right,50.0,26.666666666666668,0.0,0.0,0.0,,,,ball,,
0,0,,football,13,BEFORE_SNAP,-2.7,,football,right,50.0,26.666666666666668,0.0,0.0,0.0,,,,ball,,
0,0,,football,14,BEFORE_SNAP,-2.6,,football,right,50.0,26.666666666666668,0.0,0.0,0.0,,,,ball,,
0,0,,football,15,BEFORE_SNAP,-2.5,,football,right,50.0,26.666666666666668,0.0,0.0,0.0,,,,ball,,
0,0,,football,16,BEFORE_SNAP,-2.4,,football,right,50.0,26.666666666666668,0.0,0.0,0.0,,,,ball,,
0,0,,football,17,BEFORE_SNAP,-2.3,,football,right,50.0,26.666666666666668,0.0,0.0,0.0,,,,ball,,
0,0,,football,18,BEFORE_SNAP,-2.2,,football,right,50.0,26.666666666666668,0.0,0.0,0.0,,,,ball,,
0,0,,football,19,BEFORE_SNAP,-2.1,,football,right,50.0,26.666666666666668,0.0,0.0,0.0,,,,ball,,
0,0,,football,20,BEFORE_SNAP,-2.0,,football,right,50.0,26.666666666666668,0.0,0.0,0.0,,,,ball,,
0,0,,football,21,BEFORE_SNAP,-1.9,,football,right,50.0,26.666666666666668,0.0,0.0,0.0,,,,ball,,
0,0,,football,22,BEFORE_SNAP,-1.8,,football,right,50.0,26.666666666666668,0.0,0.0,0.0,,,,ball,,
0,0,,football,23,BEFORE_SNAP,-1.7,,football,right,50.0,26.666666666666668,0.0,0.0,0.0,,,,ball,,
0,0,,football,24,BEFORE_SNAP,-1.6,,football,right,50.0,26.666666666666668,0.0,0.0,0.0,,,,ball,,
0,0,,football,25,BEFORE_SNAP,-1.5,,football,right,50.0,26.666666666666668,0.0,0.0,0.0,,,,ball,,
0,0,,football,26,BEFORE_SNAP,-1.4,,football,right,50.0,26.666666666666668,0.0,0.0,0.0,,,,ball,,
0,0,,football,27,BEFORE_SNAP,-1.3,,football,right,50.0,26.666666666666668,0.0,0.0,0.0,,,,ball,,
0,0,,football,28,BEFORE_SNAP,-1.2,,football,right,50.0,26.666666666666668,0.0,0.0,0.0,,,,ball,,
0,0,,football,29,BEFORE_SNAP,-1.1,,football,right,50.0,26.666666666666668,0.0,0.0,0.0,,,,ball,,
0,0,,football,30,BEFORE_SNAP,-1.0,,football,right,50.0,26.666666666666668,0.0,0.0,0.0,,,,ball,,
0,0,,football,31,BEFORE_SNAP,-0.9,,football,right,50.0,26.666666666666668,0.0,0.0,0.0,,,,ball,,
0,0,,football,32,BEFORE_SNAP,-0.8,,football,right,50.0,26.666666666666668,0.0,0.0,0.0,,,,ball,,
0,0,,football,33,BEFORE_SNAP,-0.7,,football,right,50.0,26.666666666666668,0.0,0.0,0.0,,,,ball,,
0,0,,football,34,BEFORE_SNAP,-0.6,,football,right,50.0,26.666666666666668,0.0,0.0,0.0,,,,ball,,
0,0,,football,35,BEFORE_SNAP,-0.5,,football,right,50.0,26.666666666666668,0.0,0.0,0.0,,,,ball,,
0,0,,football,36,BEFORE_SNAP,-0.4,,football,right,50.0,26.666666666666668,0.0,0.0,0.0,,,,ball,,
0,0,,football,37,BEFORE_SNAP,-0.3,,football,right,50.0,26.666666666666668,0.0,0.0,0.0,,,,ball,,
0,0,,football,38,BEFORE_SNAP,-0.2,,football,right,50.0,26.666666666666668,0.0,0.0,0.0,,,,ball,,
0,0,,football,39,BEFORE_SNAP,-0.1,,football,right,50.0,26.666666666666668,0.0,37.77777777777782,0.0,,,,ball,,
0,0,,football,40,SNAP,0.0,,football,right,50.0,26.666666666666668,7.555555555555564,75.55555555555564,0.7555555555555564,270.0,270.0,ball_snap,ball,,
0,0,,football,41,AFTER_SNAP,0.1,,football,right,48.48888888888889,26.666666666666668,15.111111111111128,37.77777777777765,1.5111111111111128,270.0,270.0,,ball,,
0,0,,football,42,AFTER_SNAP,0.2,,football,right,46.977777777777774,26.666666666666668,15.111111111111095,1.7763568394002507e-13,1.5111111111111093,270.0,270.0,,ball,,
0,0,,football,43,AFTER_SNAP,0.3,,football,right,45.46666666666667,26.666666666666668,15.111111111111093,13.88888888888876,1.5111111111111093,270.0,270.0,,ball,,
0,0,,football,44,AFTER_SNAP,0.4,,football,right,43.955555555555556,26.666666666666668,12.333333333333343,51.66666666666657,1.2333333333333343,270.0,270.0,,ball,,
0,0,,football,45,AFTER_SNAP,0.5,,football,right,43.0,26.666666666666668,4.7777777777777795,61.66666666666673,0.47777777777777786,270.0,270.0,,ball,,
0,0,,football,46,AFTER_SNAP,0.6,,football,right,43.0,26.666666666666668,0.0,23.888888888888903,0.0,,,,ball,,
0,0,,football,47,AFTER_SNAP,0.7,,football,right,43.0,26.666666666666668,0.0,0.0,0.0,,,,ball,,
0,0,,football,48,AFTER_SNAP,0.8,,football,right,43.0,26.666666666666668,0.0,0.0,0.0,,,,ball,,
0,0,,football,49,AFTER_SNAP,0.9,,football,right,43.0,26.666666666666668,0.0,0.0,0.0,,,,ball,,
0,0,,football,50,AFTER_SNAP,1.0,,football,right,43.0,26.666666666666668,0.0,0.0,0.0,,,,ball,,
0,0,,football,51,AFTER_SNAP,1.1,,football,right,43.0,26.666666666666668,0.0,0.0,0.0,,,,ball,,
0,0,,football,52,AFTER_SNAP,1.2,,football,right,43.0,26.666666666666668,0.0,0.0,0.0,,,,ball,,
0,0,,football,53,AFTER_SNAP,1.3,,football,right,43.0,26.666666666666668,0.0,45.00000000000008,0.0,,,,ball,,
0,0,,football,54,AFTER_SNAP,1.4,,football,right,43.0,26.666666666666668,9.000000000000014,89.99999999999999,0.9000000000000012,153.4349488229219,153.4349488229219,pass_forward,ball,,
0,0,,football,55,AFTER_SNAP,1.5,,football,right,43.80498447189993,25.05669772286682,17.999999999999993,44.99999999999987,1.800000000000001,153.43494882292202,153.43494882292202,,ball,,
0,0,,football,56,AFTER_SNAP,1.6,,football,right,44.60996894379985,23.44672877906697,17.999999999999996,1.7763568394002508e-14,1.7999999999999992,153.4349488229221,153.4349488229221,,ball,,
0,0,,football,57,AFTER_SNAP,1.7,,football,right,45.41495341569977,21.83675983526712,17.999999999999996,0.0,1.7999999999999992,153.43494882292197,153.43494882292197,,ball,,
0,0,,football,58,AFTER_SNAP,1.8,,football,right,46.2199378875997,20.226790891467274,17.999999999999996,7.105427357601003e-14,1.7999999999999992,153.43494882292197,153.43494882292197,,ball,,
0,0,,football,59,AFTER_SNAP,1.9,,football,right,47.02492235949962,18.616821947667425,18.00000000000001,1.7763568394002508e-14,1.8000000000000007,153.43494882292202,153.43494882292202,,ball,,
0,0,,football,60,AFTER_SNAP,2.0,,football,right,47.82990683139955,17.006853003867576,17.999999999999993,8.881784197001245e-14,1.800000000000001,153.43494882292202,153.43494882292202,,ball,,
0,0,,football,61,AFTER_SNAP,2.1,,football,right,48.63489130329947,15.396884060067727,17.999999999999993,13.688103937536665,1.800000000000001,153.43494882292202,153.43494882292202,,ball,,
0,0,,football,62,AFTER_SNAP,2.2,,football,right,49.4398757751994,13.786915116267878,15.262379212492657,58.68810393753687,1.5262379212492636,153.43494882292197,153.43494882292197,,ball,,
0,0,,football,63,AFTER_SNAP,2.3,,football,right,50.0,12.666666666666668,6.262379212492634,76.31189606246339,0.6262379212492626,153.43494882292208,153.43494882292208,,ball,,
0,0,,football,64,AFTER_SNAP,2.4,,football,right,50.0,12.666666666666668,0.0,31.311896062463145,0.0,,,,ball,,
0,0,,football,65,AFTER_SNAP,2.5,,football,right,50.0,12.666666666666668,0.0,0.0,0.0,,,,ball,,
0,0,,football,66,AFTER_SNAP,2.6,,football,right,50.0,12.666666666666668,0.0,0.0,0.0,,,,ball,,
0,0,,football,67,AFTER_SNAP,2.7,,football,right,50.0,12.666666666666668,0.0,0.0,0.0,,,,ball,,
0,0,,football,68,AFTER_SNAP,2.8,,football,right,50.0,12.666666666666668,0.0,0.0,0.0,,,,ball,,
0,0,,football,69,AFTER_SNAP,2.9,,football,right,50.0,12.666666666666668,0.0,0.0,0.0,,,,ball,,
0,0,,football,70,AFTER_SNAP,3.0,,football,right,50.0,12.666666666666668,0.0,0.0,0.0,,,,ball,,
0,0,,football,71,AFTER_SNAP,3.1,,football,right,50.0,12.666666666666668,0.0,0.0,0.0,,,,ball,,
0,0,,football,72,AFTER_SNAP,3.2,,football,right,50.0,12.666666666666668,0.0,0.0,0.0,,,,ball,,
0,0,,football,73,AFTER_SNAP,3.3,,football,right,50.0,12.666666666666668,0.0,0.0,0.0,,,,ball,,
0,0,,football,74,AFTER_SNAP,3.4,,football,right,50.0,12.666666666666668,0.0,0.0,0.0,,,,ball,,
0,0,,football,75,AFTER_SNAP,3.5,,football,right,50.0,12.666666666666668,0.0,0.0,0.0,,,,ball,,
0,0,,football,76,AFTER_SNAP,3.6,,football,right,50.0,12.666666666666668,0.0,0.0,0.0,,,,ball,,
0,0,,football,77,AFTER_SNAP,3.7,,football,right,50.0,12.666666666666668,0.0,0.0,0.0,,,,ball,,
0,0,,football,78,AFTER_SNAP,3.8,,football,right,50.0,12.666666666666668,0.0,0.0,0.0,,,,ball,,
0,0,,football,79,AFTER_SNAP,3.9,,football,right,50.0,12.666666666666668,0.0,0.0,0.0,,,,ball,,
